INSERT INTO rdj_contratos (fecha_apertura,id_proveedor,id_productor,exclusivo,cancelacion,razon_cierre) VALUES
('2020-02-19 00:00:00',1,1,'t','f',NULL),
('2019-08-25 00:00:00',2,1,'f','f',NULL),
('2020-05-29 00:00:00',6,2,'f','t','Poco cumplimiento de pedidos durante los primeros meses.'),
('2017-09-19 00:00:00',3,2,'f','f',NULL),
('2020-03-14 00:00:00',5,1,'f','t','La calidad de los productos recibidos es muy baja.'),
('2020-07-14 00:00:00',5,1,'f','f',NULL),
('2016-04-04 00:00:00',1,3,'f','f',NULL),
('2018-07-14 00:00:00',4,3,'f','f',NULL),
('2020-05-26 00:00:00',2,3,'f','f',NULL);

INSERT INTO rdj_renovaciones (id,fecha_apertura,id_proveedor,id_productor,fecha_renovacion) VALUES
(nextval('rdj_renovacion_sec'),'2017-09-19 00:00:00',3,2,'2018-09-19 00:00:00'),
(nextval('rdj_renovacion_sec'),'2017-09-19 00:00:00',3,2,'2019-09-19 00:00:00'),
(nextval('rdj_renovacion_sec'),'2016-04-04 00:00:00',1,3,'2017-04-04 00:00:00'),
(nextval('rdj_renovacion_sec'),'2016-04-04 00:00:00',1,3,'2018-04-04 00:00:00'),
(nextval('rdj_renovacion_sec'),'2016-04-04 00:00:00',1,3,'2019-04-04 00:00:00'),
(nextval('rdj_renovacion_sec'),'2016-04-04 00:00:00',1,3,'2020-04-04 00:00:00'),
(nextval('rdj_renovacion_sec'),'2018-07-14 00:00:00',4,3,'2019-07-14 00:00:00'),
(nextval('rdj_renovacion_sec'),'2018-07-14 00:00:00',4,3,'2020-07-14 00:00:00');

INSERT INTO rdj_detalles_contratos (id,fecha_apertura,id_proveedor,id_productor,descuento,cas_otro_ing,cas_ing_esencia) VALUES
(nextval('rdj_det_contrato_sec'),'2020-02-19 00:00:00',1,1,5.75,84082791,NULL),
(nextval('rdj_det_contrato_sec'),'2020-02-19 00:00:00',1,1,2.85,NULL,1005171),
(nextval('rdj_det_contrato_sec'),'2020-02-19 00:00:00',1,1,0,NULL,71735790),
(nextval('rdj_det_contrato_sec'),'2019-08-25 00:00:00',2,1,10.5,NULL,4736452),
(nextval('rdj_det_contrato_sec'),'2019-08-25 00:00:00',2,1,0,NULL,8050155),
(nextval('rdj_det_contrato_sec'),'2020-05-29 00:00:00',6,2,0,NULL,4180238),
(nextval('rdj_det_contrato_sec'),'2020-05-29 00:00:00',6,2,0,8016964,NULL),
(nextval('rdj_det_contrato_sec'),'2017-09-19 00:00:00',3,2,6.5,8000279,NULL),
(nextval('rdj_det_contrato_sec'),'2017-09-19 00:00:00',3,2,25,8000462,NULL),
(nextval('rdj_det_contrato_sec'),'2017-09-19 00:00:00',3,2,15,NULL,586629),
(nextval('rdj_det_contrato_sec'),'2020-03-14 00:00:00',5,1,9.5,NULL,41890920),
(nextval('rdj_det_contrato_sec'),'2020-03-14 00:00:00',5,1,9.5,8002731,NULL),
(nextval('rdj_det_contrato_sec'),'2020-03-14 00:00:00',5,1,9.5,NULL,21112378),
(nextval('rdj_det_contrato_sec'),'2020-07-14 00:00:00',5,1,0,NULL,66251),
(nextval('rdj_det_contrato_sec'),'2020-07-14 00:00:00',5,1,0,NULL,21112378),
(nextval('rdj_det_contrato_sec'),'2016-04-04 00:00:00',1,3,15,949495685,NULL),
(nextval('rdj_det_contrato_sec'),'2018-07-14 00:00:00',4,3,0,100516,NULL),
(nextval('rdj_det_contrato_sec'),'2018-07-14 00:00:00',4,3,0,NULL,89883),
(nextval('rdj_det_contrato_sec'),'2020-05-26 00:00:00',2,3,50,8002093,NULL),
(nextval('rdj_det_contrato_sec'),'2020-05-26 00:00:00',2,3,15,8024064,NULL);

INSERT INTO rdj_metodos_contratos (id,fecha_cont,id_proveedor,id_productor,id_pago,id_prov_pago,id_envio,id_prov_envio,id_pais_envio) VALUES
(nextval('rdj_metodo_contrato_sec'),'2020-02-19 00:00:00',1,1,1,1,NULL,NULL,NULL),
(nextval('rdj_metodo_contrato_sec'),'2020-02-19 00:00:00',1,1,2,1,NULL,NULL,NULL),
(nextval('rdj_metodo_contrato_sec'),'2020-02-19 00:00:00',1,1,NULL,NULL,5,1,7),
(nextval('rdj_metodo_contrato_sec'),'2020-02-19 00:00:00',1,1,NULL,NULL,1,1,2),
(nextval('rdj_metodo_contrato_sec'),'2019-08-25 00:00:00',2,1,4,2,NULL,NULL,NULL),
(nextval('rdj_metodo_contrato_sec'),'2019-08-25 00:00:00',2,1,5,2,NULL,NULL,NULL),
(nextval('rdj_metodo_contrato_sec'),'2019-08-25 00:00:00',2,1,NULL,NULL,8,2,8),
(nextval('rdj_metodo_contrato_sec'),'2020-05-29 00:00:00',6,2,16,6,NULL,NULL,NULL),
(nextval('rdj_metodo_contrato_sec'),'2020-05-29 00:00:00',6,2,NULL,NULL,28,6,5),
(nextval('rdj_metodo_contrato_sec'),'2017-09-19 00:00:00',3,2,7,3,NULL,NULL,NULL),
(nextval('rdj_metodo_contrato_sec'),'2017-09-19 00:00:00',3,2,8,3,NULL,NULL,NULL),
(nextval('rdj_metodo_contrato_sec'),'2017-09-19 00:00:00',3,2,NULL,NULL,11,3,5),
(nextval('rdj_metodo_contrato_sec'),'2020-03-14 00:00:00',5,1,14,5,NULL,NULL,NULL),
(nextval('rdj_metodo_contrato_sec'),'2020-03-14 00:00:00',5,1,NULL,NULL,23,5,7),
(nextval('rdj_metodo_contrato_sec'),'2020-07-14 00:00:00',5,1,14,5,NULL,NULL,NULL),
(nextval('rdj_metodo_contrato_sec'),'2020-07-14 00:00:00',5,1,15,5,NULL,NULL,NULL),
(nextval('rdj_metodo_contrato_sec'),'2020-07-14 00:00:00',5,1,NULL,NULL,23,5,7),
(nextval('rdj_metodo_contrato_sec'),'2016-04-04 00:00:00',1,3,1,1,NULL,NULL,NULL),
(nextval('rdj_metodo_contrato_sec'),'2016-04-04 00:00:00',1,3,NULL,NULL,2,1,3),
(nextval('rdj_metodo_contrato_sec'),'2016-04-04 00:00:00',1,3,NULL,NULL,3,1,3),
(nextval('rdj_metodo_contrato_sec'),'2018-07-14 00:00:00',4,3,11,4,NULL,NULL,NULL),
(nextval('rdj_metodo_contrato_sec'),'2018-07-14 00:00:00',4,3,NULL,NULL,18,4,6),
(nextval('rdj_metodo_contrato_sec'),'2020-05-26 00:00:00',2,3,4,2,NULL,NULL,NULL),
(nextval('rdj_metodo_contrato_sec'),'2020-05-26 00:00:00',2,3,6,2,NULL,NULL,NULL),
(nextval('rdj_metodo_contrato_sec'),'2020-05-26 00:00:00',2,3,NULL,NULL,9,2,4);

