/*
    INSERTS de la base de datos del proyecto de perfumes
    Grupo #2
    Seccion 002
    Ricardo Salvatorelli (C.I.: 26.967.602)
    Jose Manuel Ramirez (C.I.: 26.902.002)
    David Zacarias (C.I.: 27.588.099)
*/


/* INSERT de las asociaciones utilizadas en la tabla rdj_asociaciones*/

INSERT INTO rdj_asociaciones (id,nombre,region) VALUES
(nextval('rdj_asoc_sec'),'AFFI - Asosiasi Flavor dan Fragran Indonesia','ap'),
(nextval('rdj_asoc_sec'),'International Fragance Association UK','eu'),
(nextval('rdj_asoc_sec'),'Fragrance Creators Association','an'),
(nextval('rdj_asoc_sec'),'ABIFRA - Associacao Brasileira das Industrias de Oleos','al'),
(nextval('rdj_asoc_sec'),'SFFIA - Swiss Flavour and Fragrance Industry Association','eu'),
(nextval('rdj_asoc_sec'),'Prodarom','eu'),
(nextval('rdj_asoc_sec'),'AEFAA - Asociacion de Fragancias y Aromas Alimentarios','eu'),
(nextval('rdj_asoc_sec'),'CISF - Camara de la Industria de Sabores y Fragrancias','al'),
(nextval('rdj_asoc_sec'),'CAFEPA - Camara Argentina de Fabricantes de Productos Aromaticos','al'),
(nextval('rdj_asoc_sec'),'NEA - Netherlands Association','eu'),
(nextval('rdj_asoc_sec'),'CAFFCI - China Association of Flavor, Fragrance Cosmetic Industries','ap'),
(nextval('rdj_asoc_sec'),'AREP','eu'),
(nextval('rdj_asoc_sec'),'FFAANZ - Flavour Fragrance Association of Australia and New Zealand','ap');

INSERT INTO rdj_paises (id,nombre,nacionalidad,id_asociacion) VALUES
(nextval('rdj_pais_sec'),'Indonesia','Indones',1),
(nextval('rdj_pais_sec'),'Reino Unido','Ingles',2),
(nextval('rdj_pais_sec'),'Estados Unidos','Americano',3),
(nextval('rdj_pais_sec'),'Canada','Canadiense',3),
(nextval('rdj_pais_sec'),'Brasil','Brasileño',4),
(nextval('rdj_pais_sec'),'Suiza','Suizo',5),
(nextval('rdj_pais_sec'),'Francia','Frances',6),
(nextval('rdj_pais_sec'),'Rusia','Ruso',NULL),
(nextval('rdj_pais_sec'),'Portugal','Portuges',7),
(nextval('rdj_pais_sec'),'Colombia','Colombiano',8),
(nextval('rdj_pais_sec'),'Argentina','Argentino',9), 
(nextval('rdj_pais_sec'),'Sudafrica','Sudafricano',NULL),
(nextval('rdj_pais_sec'),'India','Indio',NULL),
(nextval('rdj_pais_sec'),'Holanda','Holandes',10),
(nextval('rdj_pais_sec'),'China','Chino',11),
(nextval('rdj_pais_sec'),'Polonia','Polaco',NULL),
(nextval('rdj_pais_sec'),'Haiti','Haitiano',NULL),
(nextval('rdj_pais_sec'),'Bulgaria','Bulgaro',NULL),
(nextval('rdj_pais_sec'),'Turquia','Turco',12),
(nextval('rdj_pais_sec'),'Australia','Australiano',13);/* NOTA: Faltan paises por agregar */

INSERT INTO rdj_proveedores (id,nombre,correo,telefono,id_pais,url_web,id_asociacion) VALUES
(nextval('rdj_proveedores_sec'),'Firmenich','contact@firmenich.com','+62 213863977',6,'www.firmenich.com',NULL),
(nextval('rdj_proveedores_sec'),'Kelhar & Ko (Keva)','sprabhu.aromatics@keva.co.in','+91 22221649163',13,'www.keva.co.in',NULL),
(nextval('rdj_proveedores_sec'),'Privi Organics Ltd','info@privi.co.in','+91 2233043500',13,'www.privi.com',NULL),
(nextval('rdj_proveedores_sec'),'Indesso','contactus@indesso.com','+62 213863975',1,'www.indesso.com',1),
(nextval('rdj_proveedores_sec'),'Emerald Perfomance Materials','kalama@emeraldmaterials.com','+1 3609547100',2,'www.emeraldmaterials.com',2),
(nextval('rdj_proveedores_sec'),'Prinova','info@prinovausa.com','+1 6308680300',3,'www.prinovausa.com',3);

INSERT INTO rdj_productores (id,nombre,correo,telefono,url_web,id_asociacion) VALUES
(nextval('rdj_productores_sec'),'Givaudan','sales@givaudan.com','+1 630-773-8484','www.givaudan.com',NULL),
(nextval('rdj_productores_sec'),'Memphis','sac@memphisbr.com','+51 3535-3500','www.memphisbr.com',4),
(nextval('rdj_productores_sec'),'Chanel','chanel_info@chanel.com','+1 800-550-0005','www.chanel.com/us',3);

INSERT INTO rdj_miembros_ifra (id,fecha_inicio,tipo,fecha_fin,id_proveedor,id_productor) VALUES
(nextval('rdj_miembro_ifra_sec'),'2017-11-01','p',NULL,1,NULL),
(nextval('rdj_miembro_ifra_sec'),'2014-07-19','p',NULL,NULL,1),
(nextval('rdj_miembro_ifra_sec'),'2019-12-29','s',NULL,2,NULL),
(nextval('rdj_miembro_ifra_sec'),'2012-09-09','s','2015-09-09',3,NULL),
(nextval('rdj_miembro_ifra_sec'),'2016-09-09','s',NULL,3,NULL),
(nextval('rdj_miembro_ifra_sec'),'2017-01-25','a',NULL,4,NULL),
(nextval('rdj_miembro_ifra_sec'),'2020-06-16','a',NULL,5,NULL),
(nextval('rdj_miembro_ifra_sec'),'2020-01-15','a',NULL,6,NULL),
(nextval('rdj_miembro_ifra_sec'),'2011-05-19','a','2013-05-19',NULL,2),
(nextval('rdj_miembro_ifra_sec'),'2017-10-18','a',NULL,NULL,2),
(nextval('rdj_miembro_ifra_sec'),'2017-02-20','a',NULL,NULL,3);

INSERT INTO rdj_metodos_pagos (id,id_proveedor,tipo,num_cuotas,porcentaje,meses) VALUES
(nextval('rdj_metodo_pago_sec'),1,'c',NULL,NULL,NULL),
(nextval('rdj_metodo_pago_sec'),1,'p',2,50,2),
(nextval('rdj_metodo_pago_sec'),1,'p',5,20,1),
(nextval('rdj_metodo_pago_sec'),2,'c',NULL,NULL,NULL),
(nextval('rdj_metodo_pago_sec'),2,'p',10,10,1),
(nextval('rdj_metodo_pago_sec'),2,'p',8,12.5,2),
(nextval('rdj_metodo_pago_sec'),3,'c',NULL,NULL,NULL),
(nextval('rdj_metodo_pago_sec'),3,'p',3,33.33,3),
(nextval('rdj_metodo_pago_sec'),3,'p',5,20,2),
(nextval('rdj_metodo_pago_sec'),4,'c',NULL,NULL,NULL),
(nextval('rdj_metodo_pago_sec'),4,'p',2,50,1),
(nextval('rdj_metodo_pago_sec'),4,'p',4,25,1),
(nextval('rdj_metodo_pago_sec'),5,'c',NULL,NULL,NULL),
(nextval('rdj_metodo_pago_sec'),5,'p',5,20,2),
(nextval('rdj_metodo_pago_sec'),5,'p',3,33.33,4),
(nextval('rdj_metodo_pago_sec'),6,'c',NULL,NULL,NULL),
(nextval('rdj_metodo_pago_sec'),6,'p',8,12.5,1),
(nextval('rdj_metodo_pago_sec'),6,'p',2,50,6);

INSERT INTO rdj_metodos_envios (id, id_proveedor, id_pais, duracion, precio, tipo) VALUES
(nextval('rdj_metodo_envio_sec'),1,2,3,150.35,'t'),
(nextval('rdj_metodo_envio_sec'),1,3,7,300.99,'m'),
(nextval('rdj_metodo_envio_sec'),1,3,2,700.75,'a'),
(nextval('rdj_metodo_envio_sec'),1,6,2,119.99,'t'),
(nextval('rdj_metodo_envio_sec'),1,7,1,45.00,'t'),
(nextval('rdj_metodo_envio_sec'),1,9,3,199.99,'t'),
(nextval('rdj_metodo_envio_sec'),2,1,5,200.50,'m'),
(nextval('rdj_metodo_envio_sec'),2,8,3,500.75,'a'),
(nextval('rdj_metodo_envio_sec'),2,4,7,800.50,'a'),
(nextval('rdj_metodo_envio_sec'),2,3,7,795.85,'a'),
(nextval('rdj_metodo_envio_sec'),3,5,28,1050.75,'m'),
(nextval('rdj_metodo_envio_sec'),3,10,24,900.00,'m'),
(nextval('rdj_metodo_envio_sec'),3,11,18,695.20,'m'),
(nextval('rdj_metodo_envio_sec'),3,1,7,95.10,'m'),
(nextval('rdj_metodo_envio_sec'),3,8,20,375.00,'t'),
(nextval('rdj_metodo_envio_sec'),4,1,1,25.40,'t'),
(nextval('rdj_metodo_envio_sec'),4,2,6,400.75,'a'),
(nextval('rdj_metodo_envio_sec'),4,6,5,340.15,'a'),
(nextval('rdj_metodo_envio_sec'),4,7,5,395.80,'a'),
(nextval('rdj_metodo_envio_sec'),4,9,6,415.60,'a'),
(nextval('rdj_metodo_envio_sec'),5,2,1,60.99,'t'),
(nextval('rdj_metodo_envio_sec'),5,6,3,130.70,'t'),
(nextval('rdj_metodo_envio_sec'),5,7,2,110.19,'t'),
(nextval('rdj_metodo_envio_sec'),5,9,2,190.85,'m'),
(nextval('rdj_metodo_envio_sec'),6,3,2,100.00,'t'),
(nextval('rdj_metodo_envio_sec'),6,3,1,215.99,'a'),
(nextval('rdj_metodo_envio_sec'),6,4,2,115.00,'t'),
(nextval('rdj_metodo_envio_sec'),6,5,7,250.79,'m'),
(nextval('rdj_metodo_envio_sec'),6,10,6,225.99,'m'),
(nextval('rdj_metodo_envio_sec'),6,11,10,299.99,'m');

INSERT INTO rdj_detalles_metodos_envios (id,id_envio,id_proveedor,id_pais,nombre,mod_precio,mod_duracion) VALUES
(nextval('rdj_det_metodoenvio_sec'),1,1,2,'Refrigeracion',50,1),
(nextval('rdj_det_metodoenvio_sec'),1,1,2,'Mejor empaquetamiento',35,0),
(nextval('rdj_det_metodoenvio_sec'),2,1,3,'Seguro de envio',40,0),
(nextval('rdj_det_metodoenvio_sec'),2,1,3,'Rastreamiento detallado',5,0),
(nextval('rdj_det_metodoenvio_sec'),3,1,3,'Seguro de envio',60,0),
(nextval('rdj_det_metodoenvio_sec'),4,1,6,'Refrigeracion',40,1),
(nextval('rdj_det_metodoenvio_sec'),5,1,7,'Rush',15,-1),
(nextval('rdj_det_metodoenvio_sec'),6,1,9,'Rush',100,-2),
(nextval('rdj_det_metodoenvio_sec'),6,1,9,'Rastreamiento detallado',7.5,0),
(nextval('rdj_det_metodoenvio_sec'),7,2,1,'Seguro de envio',20,0),
(nextval('rdj_det_metodoenvio_sec'),7,2,1,'Mejor empaquetamiento',10,0),
(nextval('rdj_det_metodoenvio_sec'),8,2,8,'Seguro de envio',20,0),
(nextval('rdj_det_metodoenvio_sec'),9,2,4,'Rush',200,-2),
(nextval('rdj_det_metodoenvio_sec'),9,2,4,'Refrigeracion',80,1),
(nextval('rdj_det_metodoenvio_sec'),9,2,4,'Rastreamiento detallado',5,0),
(nextval('rdj_det_metodoenvio_sec'),10,2,3,'Mejor empaquetamiento',15,0),
(nextval('rdj_det_metodoenvio_sec'),10,2,3,'Rastreamiento detallado',15,0),
(nextval('rdj_det_metodoenvio_sec'),11,3,5,'No rush',-40,2),
(nextval('rdj_det_metodoenvio_sec'),12,3,10,'No rush',-45,3),
(nextval('rdj_det_metodoenvio_sec'),13,3,11,'No rush',-40,3),
(nextval('rdj_det_metodoenvio_sec'),13,3,11,'Rastreamiento detallado',18,0),
(nextval('rdj_det_metodoenvio_sec'),13,3,11,'Seguro de envio',25,0),
(nextval('rdj_det_metodoenvio_sec'),14,3,1,'Refrigeracion',125,1),
(nextval('rdj_det_metodoenvio_sec'),14,3,1,'Mejor empaquetamiento',22.5,0),
(nextval('rdj_det_metodoenvio_sec'),15,3,8,'Rush',150,-1),
(nextval('rdj_det_metodoenvio_sec'),16,4,1,'Refrigeracion',30,1),
(nextval('rdj_det_metodoenvio_sec'),17,4,2,'Refrigeracion',40,1),
(nextval('rdj_det_metodoenvio_sec'),17,4,2,'Rastreamiento detallado',9,0),
(nextval('rdj_det_metodoenvio_sec'),18,4,6,'Refrigeracion',15,1),
(nextval('rdj_det_metodoenvio_sec'),18,4,6,'Seguro de envio',10,0),
(nextval('rdj_det_metodoenvio_sec'),19,4,7,'Mejor empaquetamiento',5,0),
(nextval('rdj_det_metodoenvio_sec'),20,4,9,'Mejor empaquetamiento',7.5,0),
(nextval('rdj_det_metodoenvio_sec'),21,5,2,'No rush',-45,2),
(nextval('rdj_det_metodoenvio_sec'),22,5,6,'Rush',70,-1),
(nextval('rdj_det_metodoenvio_sec'),22,5,6,'Rastreamiento detallado',19.99,0),
(nextval('rdj_det_metodoenvio_sec'),22,5,6,'No rush',-60,1),
(nextval('rdj_det_metodoenvio_sec'),23,5,7,'Seguro de envio',25,0),
(nextval('rdj_det_metodoenvio_sec'),24,5,9,'Seguro de envio',25,0),
(nextval('rdj_det_metodoenvio_sec'),25,6,3,'Refrigeracion',60,0),
(nextval('rdj_det_metodoenvio_sec'),26,6,3,'Mejor empaquetamiento',35,0),
(nextval('rdj_det_metodoenvio_sec'),27,6,4,'Mejor empaquetamiento',45,0),
(nextval('rdj_det_metodoenvio_sec'),27,6,4,'Rastreamiento detallado',5,0),
(nextval('rdj_det_metodoenvio_sec'),28,6,5,'Rush',30,-2),
(nextval('rdj_det_metodoenvio_sec'),29,6,10,'Rush',30,-2),
(nextval('rdj_det_metodoenvio_sec'),29,6,10,'Rastreamiento detallado',12,0),
(nextval('rdj_det_metodoenvio_sec'),30,6,11,'Rush',35,-2);

INSERT INTO rdj_productores_paises (id_productor, id_pais) VALUES
(1,7), 
(1,9), 
(1,2), 
(1,14),
(1,8),
(2,5),
(2,17), 
(2,10), 
(2,11), 
(3,3), 
(3,4), 
(3,5),
(3,6);

INSERT INTO rdj_criterios(id,nombre,descripcion) VALUES
(nextval('rdj_criterio_sec'),'Ubicacion','Ubicacion geografica del proveedor'),
(nextval('rdj_criterio_sec'),'Metodos de Pago','Pagos que ofrece el proveedor'),
(nextval('rdj_criterio_sec'),'Metodos de Envio','Envios que ofrece el proveedor'),
(nextval('rdj_criterio_sec'),'Cumplimiento de Pedidos','Porcentaje de cumplimiento de pedidos'),
(nextval('rdj_criterio_sec'),'Exito','Cantidad de porcentaje necesario para aprobar la evaluacion');

INSERT INTO rdj_sustancias_prohibidas (num_cas,nombre) VALUES
(103640,'Bromostyrene'),
(103797,'Phenyl acetone'),
(104278,'a-Methyl anisylidene acetone'),
(108883,'Toluene'),
(109864,'Ethylene glycol monomethyl ether'),
(110496,'Ethylene glycol monomethyl acetate'),
(110805,'Ethylene glycol monoethyl ether'),
(111159,'Ethylene glycol monoethyl acetate'),
(111284,'2-Hexadien-1-ol'),
(17102646,'4-Hexadien-1-ol'),
(116665,'Musk moskene'),
(122394,'Diphenylamine'),
(122576,'Benzylidene acetone'),
(26266773,'Hydroabietyl alcohol'),
(1333897,'Dihydroabietyl alcohol'),
(13706860,'Acetyl isovaleryl'),
(140294,'Benzyl cyanide'),
(140885,'Ethyl acrylate'),
(141059,'Diethyl maleate'),
(141106,'Pseudoionone'),
(145391,'Musk tibetene'),
(150765,'Hydroquinone monomethyl ether'),
(17874349,'4,6-Dimethyl-8-tert-butylcoumarin'),
(18318837,'trans-2-Hexenal dimethyl acetal'),
(18485386,'2,4-Dodecadien-1-ol, (2E, 4E)'),
(18829555,'trans-2-Heptenal'),
(2445832,'7-Methylcoumarin'),
(25564221,'Amylcyclopentenone'),
(25677401,'2-Pentylidene cyclohexanone'),
(26651967,'Pseudo methylionones'),
(72968253,'Pseudo methylionones'),
(1117415,'Pseudo methylionones'),
(33204749,'Carvone oxide'),
(34131992,'6-Isopropyl-2-decalol'),
(3591422,'2,2-Dichloro-1-methylcyclopropylbenzene'),
(40607485,'3,7-Dimethyl-2-octen-1-ol'),
(4173448,'Cinnamylidene acetone'),
(4756198,'Cyclamen alcohol'),
(494406,'cis-and trans-Asarone'),
(2883989,'cis-and trans-Asarone'),
(5273869,'cis-and trans-Asarone'),
(5146667,'Geranyl nitrile'),
(5585397,'Geranyl nitrile'),
(31983274,'Geranyl nitrile'),
(531599,'7-Methoxycoumarin'),
(53153665,'3-Methyl-2(3)-nonenenitrile'),
(5406122,'p-Methylhydrocinnamic aldehyde'),
(54814641,'Massoia lactone'),
(51154962,'Massoia lactone'),
(57067,'Allyl isothiocyanate'),
(617549,'Dimethyl citraconate'),
(622628,'Hydroquinone monoethyl ether'),
(62265990,'Musk KS'),
(623154,'Furfurylidene acetone'),
(623438,'Methyl crotonate'),
(6248200,'2,4-Dihydroxy-3-methylbenzaldehyde'),
(63697530,'Musk a'),
(67746309,'trans-2-Hexenal diethyl acetal'),
(68916529,'Fig leaf absolute'),
(90028743,'Fig leaf absolute'),
(700823,'Hexahydrocoumarin'),
(71432,'Benzene'),
(73157434,'Allyl heptine carbonate'),
(76299,'3-Bromo-1,7,7-trimethylbicyclo[2.2.1]heptane-2-one'),
(764409,'2,4-Dienals'),
(142836,'2,4-Dienals'),
(80466348,'2,4-Dienals'),
(78591,'Isophorone'),
(80546,'p-tert-Butyl-a-methylhydrocinnamic aldehyde (p-BMHCA)'),
(80626,'Methyl methacrylate'),
(8001885,'Birch wood pyrolysate'),
(68917500,'Birch wood pyrolysate'),
(84012157,'Birch wood pyrolysate'),
(8006993,'Chenopodium oil'),
(8024111,'Chenopodium oil'),
(89997477,'Chenopodium oil'),
(8007009,'Peru balsam'),
(8013103,'Cade oil'),
(90046029,'Cade oil'),
(8022819,'Boldo oil'),
(84649967,'Boldo oil'),
(8023889,'Costus root oil, absolute and concrete'),
(90106551,'Costus root oil, absolute and concrete'),
(8024122,'Verbena oil and absolute (Lippia citriodora Kunth.)'),
(85116638,'Verbena oil and absolute (Lippia citriodora Kunth.)'),
(8046193,'Styrax'),
(8024019,'Styrax'),
(94891277,'Styrax'),
(8050097,'Colophony'),
(81152,'Musk xylene'),
(83669,'Musk ambrette'),
(84012204,'Alantroot oil'),
(97676352,'Alantroot oil'),
(84961580,'Santolina oil'),
(85085263,'Massoia bark oil'),
(87058,'4-Methyl-7-ethoxycoumarin'),
(88299,'Acetyl ethyl tetramethyl tetralin'),
(91225,'Quinoline'),
(92488,'6-Methylcoumarin'),
(93992,'Phenyl benzoate'),
(94597120,'Safrole, Isosafrole and Dihydrosafrole'),
(58194586,'Safrole, Isosafrole and Dihydrosafrole'),
(943884,'Anisylidene acetone'),
(98000,'Furfuryl alcohol'),
(98544,'p-tert-Butylphenol'),
(98953,'Nitrobenzene'),
(10031922,'Esters of 2-Nonynoic acid (except Methyl octine carbonate)'),
(10484329,'Esters of 2-Octynoic acid (except Methyl heptine carbonate)'),
(10519207,'Esters of 2-Octynoic acid (except Methyl heptine carbonate)'),
(8024008,'Savin oil'),
(90046041,'Savin oil'),
(90131434,'Tagetes oil and absolute'),
(8016840,'Tagetes oil and absolute');

INSERT INTO rdj_perfumistas (id,pri_nombre,pri_apellido,seg_apellido,id_pais,seg_nombre) VALUES
(nextval('rdj_perfumista_sec'),'Xavier','Renard','',7,NULL),
(nextval('rdj_perfumista_sec'),'Veronica','Kato','',5,NULL),
(nextval('rdj_perfumista_sec'),'John','Gamba','',3,NULL),
(nextval('rdj_perfumista_sec'),'Ellen','Molner','',3,NULL),
(nextval('rdj_perfumista_sec'),'Carlos','Lutz','Pozzer',5,NULL),
(nextval('rdj_perfumista_sec'),'Ilse','Kuhlmann','',5,NULL),
(nextval('rdj_perfumista_sec'),'Geraldo','Caruccio','',5,NULL),
(nextval('rdj_perfumista_sec'),'Rodolfo','Gros','',5,NULL),
(nextval('rdj_perfumista_sec'),'Domingos','Caruccio','',5,NULL),
(nextval('rdj_perfumista_sec'),'Jacques','Polge','',7,NULL),
(nextval('rdj_perfumista_sec'),'Ernest','Beaux','',8,NULL);

INSERT INTO rdj_perfumes (id,nombre,genero,edad,monolitico,id_productor) VALUES
(nextval('rdj_perfume_sec'),'Nicole Miller','u','ad',FALSE,1),
(nextval('rdj_perfume_sec'),'Homem Verum','m','ad',FALSE,1),
(nextval('rdj_perfume_sec'),'Eternal Magic','f','ad',FALSE,1),
(nextval('rdj_perfume_sec'),'Alma de Flores Classico','f','ad',FALSE,2),
(nextval('rdj_perfume_sec'),'Essencia de Jazmin','f','at',TRUE,2),
(nextval('rdj_perfume_sec'),'Essencia de Champagne','u','at',FALSE,2),
(nextval('rdj_perfume_sec'),'Allure Homme Sport','m','jo',TRUE,3),
(nextval('rdj_perfume_sec'),'Le 1940 Rouge de Chanel','f','jo',FALSE,3),
(nextval('rdj_perfume_sec'),'Antaeus','m','in',TRUE,3);

INSERT INTO rdj_perfumes_perfumistas (id_perfume,id_perfumista) VALUES
(1,1), 
(2,2), 
(2,3), 
(3,4), 
(4,5), 
(4,6), 
(4,7), 
(4,8), 
(4,9), 
(5,5), 
(5,6),
(5,7), 
(5,8), 
(5,9), 
(6,5), 
(6,6), 
(6,7), 
(6,8), 
(6,9), 
(7,10), 
(8,11), 
(9,10);

INSERT INTO rdj_intensidades (id,id_perfume,tipo,porcentaje,descripcion)VALUES
(nextval('rdj_intensidad_sec'),1,'EdP',15,NULL),
(nextval('rdj_intensidad_sec'),1,'EdT',10,NULL),
(nextval('rdj_intensidad_sec'),2,'EdP',15,NULL),
(nextval('rdj_intensidad_sec'),3,'EdT',10,NULL),
(nextval('rdj_intensidad_sec'),4,'EdC',5,NULL),
(nextval('rdj_intensidad_sec'),5,'EdS',2,NULL),
(nextval('rdj_intensidad_sec'),6,'EdT',10,NULL),
(nextval('rdj_intensidad_sec'),7,'EdT',10,NULL),
(nextval('rdj_intensidad_sec'),7,'EdP',15,NULL),
(nextval('rdj_intensidad_sec'),8,'P',NULL,NULL),
(nextval('rdj_intensidad_sec'),9,'EdT',10,NULL);

INSERT INTO rdj_presentaciones_perfumes (id,id_intensidad,id_perfume,volumen)VALUES
(nextval('rdj_present_perfume_sec'),1,1,100),
(nextval('rdj_present_perfume_sec'),2,1,100),
(nextval('rdj_present_perfume_sec'),2,1,125),
(nextval('rdj_present_perfume_sec'),3,2,100),
(nextval('rdj_present_perfume_sec'),4,3,50),
(nextval('rdj_present_perfume_sec'),5,4,120),
(nextval('rdj_present_perfume_sec'),6,5,160),
(nextval('rdj_present_perfume_sec'),7,6,160),
(nextval('rdj_present_perfume_sec'),8,7,50),
(nextval('rdj_present_perfume_sec'),8,7,100),
(nextval('rdj_present_perfume_sec'),8,7,150),
(nextval('rdj_present_perfume_sec'),9,7,50),
(nextval('rdj_present_perfume_sec'),9,7,100),
(nextval('rdj_present_perfume_sec'),10,8,100),
(nextval('rdj_present_perfume_sec'),11,9,50),
(nextval('rdj_present_perfume_sec'),11,9,100);

INSERT INTO rdj_esencias_perfumes (num_cas,nombre,tipo,descripcion) VALUES
(90082874,'Ciruela','n','Aceite natural con un fuerte aroma a ciruela.'),
(9028880,'Aldehido','n','Aldehyde con potasio activado proveniente de levadura.'),
(8008524,'Cilantro','n','Aceite liquido transparente, movil, incoloro a amarillo claro con olor a cilantro.'),
(8021430,'Clavel absoluto','n','Aceite de aroma floral, picante y vivido.'),
(4736452,'Iriswood','n','Aceite con olor amaderado y terroso.'),
(8024053,'Nardo','s','Aceite naranja con tonalidad roja y marron que genera un fuerte olor a nardo.'),
(8006879,'Sandalo','n','Aceite con un aroma clasico amaderado, lactoso y suave.'),
(89883,'Vetiverol','n','Aceite proveniente de la grama Vetiveria Zizanoides.'),
(8022568,'Sabia','n','Aroma culinario aromatico con aspectos nebulosos, suaves y ligeramente picantes.'),
(8008455,'Nuez moscada','n','Aroma dulce picante con notas base terrosas y picantes.'),
(8024086,'Violeta','n','Aroma fresco y aromatico, similar a pepino.'),
(8007758,'Bergamota','n','Aroma citrico, amargo y agrio, elegante, ligera nota con suave tono picante.'),
(8007010,'Rosa','n','Aroma femenino, limpio e intensamente romantico.'),
(8024064,'Vainilla','n','Aroma dulce, acogedor, reconfortante, con una agradable sensacion de hornear galletas.'),
(8014093,'Pachouli','n','Aroma amaderado musgoso.'),
(8000280,'Lavanda','n','Aroma floral aromatico limpio, con facetas verdes, frescas, picantes, regaliz.'),
(84929793,'Benjui','s','Una calida nota balsamica que recuerda a la vainilla.'),
(977059156,'Musgo de roble','n','Un suelo de bosque amargo y muy oloroso.'),
(8022966,'Jazmin','n','Flor blanca aromatica con olor a jazmin.'),
(91770444,'Orquidea','n','Aceite de color rosa con un fuerte olor a orquidea.'),
(8023981,'Durazno','n','Aroma frutal dulce y con olor a nuez.'),
(8002673,'Ambar','s','Aroma animal con olor a almizcle.'),
(8008579,'Naranja','n','Aroma citrico frutal dulce.');


INSERT INTO rdj_monoliticos (id_perfume,cas_esencia) VALUES
(5,8022966), 
(5,91770444),
(7,8008579), 
(7,9028880), 
(7,8024064), 
(7,8002673),
(9,8008524), 
(9,8007758), 
(9,8022966), 
(9,8007010), 
(9,8014093), 
(9,977059156);

INSERT INTO rdj_notas (id_perfume,cas_esencia,tipo) VALUES
(1,90082874,'s'), 
(1,9028880,'s'), 
(1,8008524,'s'), 
(1,8021430,'c'), 
(1,4736452,'c'), 
(1,8024053,'c'), 
(1,8006879,'f'), 
(1,89883,'f'),
(2,8022568,'s'), 
(2,8008455,'s'), 
(2,8024086,'c'), 
(2,8024053,'f'),
(2,89883,'f'), 
(2,4736452,'f'), 
(3,8024086,'s'), 
(3,8007758,'s'),
(3,8007010,'c'), 
(3,4736452,'c'), 
(3,8024064,'f'), 
(3,8014093,'f'),
(4,8000280,'s'), 
(4,8007758,'s'), 
(4,8021430,'c'), 
(4,8024064,'f'),
(4,84929793,'f'), 
(4,977059156,'f'),
(6,8000280,'s'), 
(6,90082874,'s'), 
(6,8023981,'s'), 
(6,8022966,'c'),
(6,4736452,'c'), 
(6,8024064,'f'), 
(6,8014093,'f'), 
(6,8002673,'f'),
(8,9028880,'s'), 
(8,8007010,'c'), 
(8,8024086,'c'), 
(8,8002673,'f'); 

INSERT INTO rdj_familias_olfativas (id,nombre)VALUES
(nextval('rdj_familia_sec'),'Verde'),
(nextval('rdj_familia_sec'),'Citrica'),
(nextval('rdj_familia_sec'),'Floral'),
(nextval('rdj_familia_sec'),'Frutal'),
(nextval('rdj_familia_sec'),'Aromatica'),
(nextval('rdj_familia_sec'),'Helechos'),
(nextval('rdj_familia_sec'),'Chipre'),
(nextval('rdj_familia_sec'),'Amaderada'),
(nextval('rdj_familia_sec'),'Oriental'),
(nextval('rdj_familia_sec'),'Aldehidica');

INSERT INTO rdj_esencias_perfumes_familias (cas_esencia,id_familia) VALUES
(90082874,4), 
(9028880,2), 
(9028880,10),
(8008524,3), 
(8008524,1),
(8021430,3), 
(4736452,8), 
(4736452,3), 
(8024053,3), 
(8006879,8), 
(89883,1),
(8022568,1), 
(8022568,6), 
(8008455,9), 
(8024086,3), 
(8024086,5),
(8007758,2), 
(8007010,3), 
(8024064,9), 
(8024064,4), 
(8014093,8), 
(8014093,7),
(8000280,5), 
(8000280,3), 
(84929793,9), 
(977059156,7), 
(977059156,6),
(8022966,3), 
(8022966,1), 
(91770444,3),
(8002673,4),
(8023981,4),
(8008579,2), 
(8008579,4);

INSERT INTO rdj_perfumes_familias (id_perfume,id_familia)VALUES
(1,1), 
(1,2), 
(1,8),
(2,8),
(2,6),
(2,5), 
(3,2),
(3,3),
(3,9),
(3,8), 
(4,3),
(4,5),
(4,1), 
(5,2),
(5,3),
(5,7),
(5,10),
(6,2),
(6,3),
(6,4),
(7,2),
(7,5),
(7,10),
(7,9), 
(8,3),
(8,8), 
(8,10),
(8,7), 
(9,3),
(9,8),
(9,5),
(9,9), 
(9,6);

INSERT INTO rdj_palabras_claves (id, palabra) VALUES
/* caracteres */
(nextval('rdj_palabra_sec'),'Informal'),
(nextval('rdj_palabra_sec'),'Natural'),
(nextval('rdj_palabra_sec'),'Clasico'),
(nextval('rdj_palabra_sec'),'Seductor'),
(nextval('rdj_palabra_sec'),'Moderno'),
/* personalidades */
(nextval('rdj_palabra_sec'),'Libertad'),
(nextval('rdj_palabra_sec'),'Independencia'),
(nextval('rdj_palabra_sec'),'Creatividad'),
(nextval('rdj_palabra_sec'),'Diversion'),
(nextval('rdj_palabra_sec'),'Fantasia'),
(nextval('rdj_palabra_sec'),'Versatibilidad'),
(nextval('rdj_palabra_sec'),'Delicadeza'),
(nextval('rdj_palabra_sec'),'Sensualidad'),
(nextval('rdj_palabra_sec'),'Optimismo'),
(nextval('rdj_palabra_sec'),'Alegria'),
(nextval('rdj_palabra_sec'),'Lucidez'),
(nextval('rdj_palabra_sec'),'Familiaridad'),
(nextval('rdj_palabra_sec'),'Confianza'),
(nextval('rdj_palabra_sec'),'Energia'),
/* aromas */
(nextval('rdj_palabra_sec'),'Floral'),
(nextval('rdj_palabra_sec'),'Frutal'),
(nextval('rdj_palabra_sec'),'Verde'),
(nextval('rdj_palabra_sec'),'Herbal'),
(nextval('rdj_palabra_sec'),'Citrico'),
(nextval('rdj_palabra_sec'),'Herbal aromatico'),
(nextval('rdj_palabra_sec'),'Amaderado'),
(nextval('rdj_palabra_sec'),'Otros');

INSERT INTO rdj_familias_palabras (id_familia,id_palabra) VALUES
(1,2), 
(1,1), 
(1,14), 
(1,6), 
(1,18), 
(1,20), 
(1,22), 
(1,24), 
(2,2), 
(2,4),  
(2,6), 
(2,9), 
(2,21), 
(2,24),
(3,4), 
(3,3), 
(3,10), 
(3,12), 
(3,13), 
(3,20), 
(3,25),
(4,2), 
(4,9), 
(4,14), 
(4,15), 
(4,19), 
(4,21), 
(4,24),
(5,2),
(5,1),
(5,5),
(5,16), 
(5,17), 
(5,20), 
(5,22), 
(5,23), 
(5,25),
(6,2),
(6,3),
(6,18), 
(6,19), 
(6,11), 
(6,8), 
(6,22), 
(6,25), 
(6,26),
(7,2), 
(7,3),
(7,11), 
(7,8), 
(7,7), 
(7,20), 
(7,25), 
(7,26), 
(7,27),
(8,3), 
(8,5), 
(8,18), 
(8,17), 
(8,16), 
(8,7), 
(8,26), 
(8,27),
(9,4), 
(9,5), 
(9,8), 
(9,10), 
(9,12), 
(9,13), 
(9,20), 
(9,27), 
(9,26),
(10,2), 
(10,5), 
(10,9), 
(10,11), 
(10,16), 
(10,17), 
(10,20), 
(10,23), 
(10,22), 
(10,12);

INSERT INTO rdj_otros_ingredientes (cas_otro_ing,nombre,descripcion,id_proveedor) VALUES
(91052925,'Extracto de Miel','Extracto hidrosoluble de grado cosmetico que posee las propiedades y beneficios de la miel, para aplicar en la piel.',1),
(8008319,'Aceite de Mandarina','El aceite de esencia de mandarina proviene de la cascara externa de la fruta y tiene un aroma calido, dulce y citrico.',2),
(84082791,'Aceite Salvia','La aromatica salvia, empleada como planta medicinal desde la Antiguedad, destaca por la variedad de virtudes que atesora, desde potenciar la salud de la mujer a su empleo para tratar problemas bucales y digestivos.',1),
(8006824,'Aceite Pimienta Negra','Este aceite esencial es rico en monoterpenos y sesquiterpenos, conocidos por su actividad antioxidante y su capacidad para ayudar a alejar las amenazas ambientales y estacionales.',5),
(949495685,'Aceite Pimienta Rosa','Procedente de las bayas del grano de pimienta rosa, puede parecer similar al grano de pimienta negro en tu molino de pimienta, sin embargo, la pimienta rosa esta estrechamente relacionada con los anacardos.',1),
(8024064,'Extracto de Vainilla','Obtenido de la vaina o chaucha de la vainilla que produce un fruto del cual se obtiene este saborizante, despues de un sencillo proceso de maceracion.',2),
(8000462,'Aceite de Geranio','Un miembro del genero Pelargonium de especies de flores, los geranios se cultivan por su belleza y como materia prima de la industria del perfume.',3),
(84929260,'Aceite de Mirra','Se consigue a raiz de la resina de mirra, que es una planta tipica de Egipto y muy popular en la antiguedad, sobre todo por sus ventajas para la salud y sus componentes aromaticos.',4),
(97676192,'Grosella Negra','Es una baya de pulpa translucida con tonos rojos o verdes y de sabor agridulce.',6),
(8000279,'Aceite de cedro','Los aceites de madera de cedro tienen caracteristicos olores amaderados que pueden cambiar algo en el curso de la desecacion.',3),
(8002731,'Aceite de Iris','El aceite natural de Iris es una esencia que se obtiene mediante destilacion por arrastre de vapor del polvo obtenido de los rizomas pelados y desecados.',5),
(8002093,'Aceite de Pino','Es un aceite esencial obtenido por destilacion por arrastre de vapor de agujas, ramitas y conos de distintas especies de pino, en especial Pinus sylvestris.',2),
(8016964,'Vetiver','Es una planta perenne de la familia de las gramineas, nativa de la India.',6),
(100516,'Alcohol bencilico','Es un solvente util a causa de su polaridad, baja toxicidad, y baja presion de vapor',4);

INSERT INTO rdj_present_otros_ings (id,cas_otro_ing,volumen,precio) VALUES
(nextval('rdj_present_otro_ing_sec'),91052925,60,15),
(nextval('rdj_present_otro_ing_sec'),91052925,250,51), 
(nextval('rdj_present_otro_ing_sec'),91052925,1000,123), 
(nextval('rdj_present_otro_ing_sec'),8008319,200,66), 
(nextval('rdj_present_otro_ing_sec'),8008319,500,113), 
(nextval('rdj_present_otro_ing_sec'),8008319,1000,242), 
(nextval('rdj_present_otro_ing_sec'),84082791,15,44), 
(nextval('rdj_present_otro_ing_sec'),84082791,50,147), 
(nextval('rdj_present_otro_ing_sec'),84082791,100,300), 
(nextval('rdj_present_otro_ing_sec'),8006824,30,180), 
(nextval('rdj_present_otro_ing_sec'),8006824,50,300), 
(nextval('rdj_present_otro_ing_sec'),8006824,100,600), 
(nextval('rdj_present_otro_ing_sec'),949495685,100,280), 
(nextval('rdj_present_otro_ing_sec'),949495685,200,560), 
(nextval('rdj_present_otro_ing_sec'),949495685,500,1400), 
(nextval('rdj_present_otro_ing_sec'),8024064,15,35), 
(nextval('rdj_present_otro_ing_sec'),8024064,30,70), 
(nextval('rdj_present_otro_ing_sec'),8024064,60,140), 
(nextval('rdj_present_otro_ing_sec'),8000462,15,41), 
(nextval('rdj_present_otro_ing_sec'),8000462,30,82), 
(nextval('rdj_present_otro_ing_sec'),8000462,60,164), 
(nextval('rdj_present_otro_ing_sec'),84929260,100,20), 
(nextval('rdj_present_otro_ing_sec'),84929260,500,1040), 
(nextval('rdj_present_otro_ing_sec'),84929260,1000,2108), 
(nextval('rdj_present_otro_ing_sec'),97676192,1000,250), 
(nextval('rdj_present_otro_ing_sec'),8000279,1000,180), 
(nextval('rdj_present_otro_ing_sec'),8000279,2000,310), 
(nextval('rdj_present_otro_ing_sec'),8000279,5000,670), 
(nextval('rdj_present_otro_ing_sec'),8002731,50,40), 
(nextval('rdj_present_otro_ing_sec'),8002731,100,87), 
(nextval('rdj_present_otro_ing_sec'),8002731,500,450), 
(nextval('rdj_present_otro_ing_sec'),8002093,60,50), 
(nextval('rdj_present_otro_ing_sec'),8002093,200,175), 
(nextval('rdj_present_otro_ing_sec'),8002093,500,420), 
(nextval('rdj_present_otro_ing_sec'),8016964,30,42), 
(nextval('rdj_present_otro_ing_sec'),8016964,60,88), 
(nextval('rdj_present_otro_ing_sec'),8016964,120,180), 
(nextval('rdj_present_otro_ing_sec'),100516,100,57), 
(nextval('rdj_present_otro_ing_sec'),100516,200,110), 
(nextval('rdj_present_otro_ing_sec'),100516,500,286); 

INSERT INTO rdj_otros_componentes (id_perfume,cas_otro_ing) VALUES
(1,91052925), 
(1,8008319),
(2,84082791), 
(2,8006824),
(3,949495685), 
(3,8024064), 
(4,8024064), 
(6,8024064),
(7,8024064), 
(7,8008319), 
(7,8006824),
(8,8000462), 
(9,84929260), 
(9,84082791); 

INSERT INTO rdj_ingredientes_esencias (cas_ing_esencia,nombre,naturaleza,id_proveedor,nombre_quim,pto_inf,solubilidad,proc_creac,parte_proc,vida_util,num_einecs,rendimiento)VALUES
(1005171,'Ambranum','n',1,NULL,84,NULL,'Asociacion equilibrada de ingredientes (extractos naturales y moleculas sinteticas), se mezclan para crear una especialidad inspiradora.',NULL,NULL,NULL,NULL),
(68650464,'Buchu Eo Aged','s',1,NULL,67,NULL,'Obtenido por destilacion de la biomasa con agua, o vapor. El aceite esencial esta fisicamente separado de la fase acuosa por decantacion.',NULL,NULL,NULL,NULL),
(71735790,'Cedroxyde','s',1,'4,8,12-Trimethyl-13-oxabicyclo[10.1.0]trideca-4,8-diene',100,NULL,NULL,NULL,NULL,2759677,NULL),
(52424609,'Ozaflor','s',2,NULL,100,95,NULL,NULL,180,NULL,NULL),
(4736452,'Iriswood','n',2,NULL,100,95,NULL,NULL,180,28068919,NULL),
(8050155,'Floralyn','n',2,NULL,100,95,NULL,NULL,365,2324762,NULL),
(28219616,'Sandal Fleur','n',3,'2-Ethyl-4-(2,2,3-Trimethyl-3-Cyclopenten-1-yl)2-Buten-1-ol',100,70,NULL,NULL,730,2489088,NULL),
(127424,'Methyl Ionone','s',3,'4-penten-3-one,5-(2, 6,6-Trimethyl-2-Cyclohexen-1-yl)',100,70,NULL,NULL,730,2048421,NULL),
(586629,'Pine-Oil-70','s',3,'terpene alcohols',77,NULL,NULL,NULL,NULL,2026806,NULL),
(89883,'Vetiverol','n',4,'(5R,6R)-6,10-dimethyl-3-propan-2-ylidenespiro[4.5]dec-9-en-8-ol',100,70,NULL,NULL,NULL,2685789,NULL),
(106241,'Geraniol','n',4,'(2E)-3,7-dimethylocta-2,6-dien-1-ol',108,95,NULL,NULL,NULL,2033771,NULL),
(120116,'Benzyl Isoeugenol','s',4,'2-methoxy-1-phenylmethoxy-4-prop-1-enylbenzene',200,80,NULL,NULL,NULL,2043706,NULL),
(66251,'C-6 Aldehyde','n',5,NULL,29,90,NULL,NULL,NULL,2006245,NULL),
(41890920,'Osyrol','s',5,'7-Dimethyl-7-Methoxyoctan-2-ol',110,NULL,NULL,NULL,NULL,2555747,NULL),
(21112378,'Vetimoss','s',5,'2-tert-butyl-1,4-dimethoxybenzene',93,NULL,NULL,NULL,NULL,2442165,NULL),
(106729,'Melonal','s',6,'2,6-dimethylhept-5-enal',60,75,NULL,NULL,365,2034272 ,NULL),
(5392405,'Citral','n',6,'3,7-dimethylocta-2,6-dienal',195,70,NULL,NULL,NULL,2263946,NULL),
(4180238,'Anethole','n',6,'1-methoxy-4-[(E)-prop-1-enyl]benzene',195,80,NULL,NULL,NULL,2240520,NULL);

INSERT INTO rdj_ings_esencias_paises (id_pais,cas_ing_esencia)VALUES
(9,1005171),
(12,68650464),
(13,71735790),
(1,52424609),
(14,4736452),
(14,8050155),
(13,28219616),
(15,127424),
(16,586629),
(17,89883),
(18,106241), 
(19,106241),
(2,120116),
(3,66251),
(2,41890920),
(2,21112378),
(3,106729),
(20,5392405),
(7,4180238);

INSERT INTO rdj_presents_ings_esencias (id,cas_ing_esencia,volumen,precio)VALUES
(nextval('rdj_present_ing_esen_sec'),1005171,5,11), 
(nextval('rdj_present_ing_esen_sec'),1005171,25,36), 
(nextval('rdj_present_ing_esen_sec'),1005171,60,65), 
(nextval('rdj_present_ing_esen_sec'),1005171,200,205), 
(nextval('rdj_present_ing_esen_sec'),68650464,5,21), 
(nextval('rdj_present_ing_esen_sec'),68650464,10,32), 
(nextval('rdj_present_ing_esen_sec'),71735790,30,16), 
(nextval('rdj_present_ing_esen_sec'),71735790,50,20), 
(nextval('rdj_present_ing_esen_sec'),71735790,100,38), 
(nextval('rdj_present_ing_esen_sec'),71735790,200,64), 
(nextval('rdj_present_ing_esen_sec'),71735790,500,141), 
(nextval('rdj_present_ing_esen_sec'),71735790,1000,251), 
(nextval('rdj_present_ing_esen_sec'),52424609,30,16), 
(nextval('rdj_present_ing_esen_sec'),52424609,50,23), 
(nextval('rdj_present_ing_esen_sec'),52424609,100,40), 
(nextval('rdj_present_ing_esen_sec'),4736452,5,29), 
(nextval('rdj_present_ing_esen_sec'),4736452,120,23), 
(nextval('rdj_present_ing_esen_sec'),4736452,60,265), 
(nextval('rdj_present_ing_esen_sec'),8050155,100,18), 
(nextval('rdj_present_ing_esen_sec'),8050155,500,44), 
(nextval('rdj_present_ing_esen_sec'),8050155,1000,84),
(nextval('rdj_present_ing_esen_sec'),8050155,2000,151), 
(nextval('rdj_present_ing_esen_sec'),28219616,30,25), 
(nextval('rdj_present_ing_esen_sec'),28219616,50,37), 
(nextval('rdj_present_ing_esen_sec'),28219616,100,63), 
(nextval('rdj_present_ing_esen_sec'),8050155,200,107), 
(nextval('rdj_present_ing_esen_sec'),127424,100,29), 
(nextval('rdj_present_ing_esen_sec'),127424,500,100), 
(nextval('rdj_present_ing_esen_sec'),127424,1000,190), 
(nextval('rdj_present_ing_esen_sec'),586629,30,35), 
(nextval('rdj_present_ing_esen_sec'),586629,50,53), 
(nextval('rdj_present_ing_esen_sec'),586629,100,100), 
(nextval('rdj_present_ing_esen_sec'),89883,100,281), 
(nextval('rdj_present_ing_esen_sec'),89883,200,480), 
(nextval('rdj_present_ing_esen_sec'),89883,500,1080), 
(nextval('rdj_present_ing_esen_sec'),106241,100,20), 
(nextval('rdj_present_ing_esen_sec'),106241,500,70), 
(nextval('rdj_present_ing_esen_sec'),106241,1000,126), 
(nextval('rdj_present_ing_esen_sec'),120116,100,20), 
(nextval('rdj_present_ing_esen_sec'),120116,500,70), 
(nextval('rdj_present_ing_esen_sec'),120116,1000,126), 
(nextval('rdj_present_ing_esen_sec'),66251,100,38), 
(nextval('rdj_present_ing_esen_sec'),66251,200,48), 
(nextval('rdj_present_ing_esen_sec'),66251,500,87), 
(nextval('rdj_present_ing_esen_sec'),41890920,1000,80), 
(nextval('rdj_present_ing_esen_sec'),41890920,5000,110), 
(nextval('rdj_present_ing_esen_sec'),41890920,10000,200), 
(nextval('rdj_present_ing_esen_sec'),41890920,1000,80), 
(nextval('rdj_present_ing_esen_sec'),41890920,5000,110), 
(nextval('rdj_present_ing_esen_sec'),41890920,10000,200), 
(nextval('rdj_present_ing_esen_sec'),21112378,190000,250), 
(nextval('rdj_present_ing_esen_sec'),106729,250,40), 
(nextval('rdj_present_ing_esen_sec'),106729,500,70), 
(nextval('rdj_present_ing_esen_sec'),106729,1000,125), 
(nextval('rdj_present_ing_esen_sec'),5392405,5,25), 
(nextval('rdj_present_ing_esen_sec'),5392405,100,35), 
(nextval('rdj_present_ing_esen_sec'),5392405,500,135), 
(nextval('rdj_present_ing_esen_sec'),4180238,100,25), 
(nextval('rdj_present_ing_esen_sec'),4180238,200,43), 
(nextval('rdj_present_ing_esen_sec'),4180238,500,80); 

INSERT INTO rdj_ings_esencias_otros_ings (cas_otro_ing,cas_ing_esencia) VALUES
(97676192,68650464),
(8002731,4736452),
(8002093,586629),
(8000279,71735790),
(8016964,89883),
(8016964,21112378),
(100516,106241),
(8008319,5392405),
(100516,5392405),
(97676192,28219616),
(100516,66251),
(8016964,66251),
(8024064,68650464),
(91052925,68650464),
(100516,120116);

INSERT INTO rdj_ings_esencias_familias (id_familia,cas_ing_esencia)VALUES
(5,1005171),
(1,68650464), 
(4,68650464),
(8,71735790), 
(5,71735790),
(3,52424609), 
(2,52424609),
(8,4736452), 
(3,4736452),  
(3,8050155),
(8,28219616), 
(3,28219616),
(3,127424), 
(8,127424),
(8,586629), 
(5,586629),
(8,89883), 
(10,89883),
(3,106241), 
(4,106241),
(3,120116), 
(10,120116),
(4,66251), 
(6,66251),
(8,41890920),
(6,21112378),
(10,106729),
(4,5392405), 
(6,5392405),
(10,4180238);

INSERT INTO rdj_contratos (fecha_apertura,id_proveedor,id_productor,exclusivo,cancelacion,razon_cierre) VALUES
('2020-02-19 00:00:00',1,1,'t','f',NULL),
('2019-08-25 00:00:00',2,1,'f','f',NULL),
('2020-05-29 00:00:00',6,2,'f','t','Poco cumplimiento de pedidos durante los primeros meses.'),
('2017-09-19 00:00:00',3,2,'f','f',NULL),
('2020-03-14 00:00:00',5,1,'f','t','La calidad de los productos recibidos es muy baja.'),
('2020-07-14 00:00:00',5,1,'f','f',NULL),
('2015-08-04 00:00:00',1,3,'f','f',NULL),
('2018-07-14 00:00:00',4,3,'f','f',NULL),
('2020-05-26 00:00:00',2,3,'f','f',NULL),
('2018-03-07 00:00:00',1,1,'f','f',NULL);

INSERT INTO rdj_renovaciones (id,fecha_apertura,id_proveedor,id_productor,fecha_renovacion) VALUES
(nextval('rdj_renovacion_sec'),'2017-09-19 00:00:00',3,2,'2018-09-19 00:00:00'),
(nextval('rdj_renovacion_sec'),'2017-09-19 00:00:00',3,2,'2019-09-19 00:00:00'),
(nextval('rdj_renovacion_sec'),'2015-08-04 00:00:00',1,3,'2016-08-04 00:00:00'),
(nextval('rdj_renovacion_sec'),'2015-08-04 00:00:00',1,3,'2017-08-04 00:00:00'),
(nextval('rdj_renovacion_sec'),'2015-08-04 00:00:00',1,3,'2018-08-04 00:00:00'),
(nextval('rdj_renovacion_sec'),'2015-08-04 00:00:00',1,3,'2019-08-04 00:00:00'),
(nextval('rdj_renovacion_sec'),'2018-07-14 00:00:00',4,3,'2019-07-14 00:00:00'),
(nextval('rdj_renovacion_sec'),'2018-07-14 00:00:00',4,3,'2020-07-14 00:00:00'),
(nextval('rdj_renovacion_sec'),'2018-03-07 00:00:00',1,1,'2019-03-07 00:00:00');

INSERT INTO rdj_detalles_contratos (id,fecha_apertura,id_proveedor,id_productor,descuento,cas_otro_ing,cas_ing_esencia) VALUES
(nextval('rdj_det_contrato_sec'),'2020-02-19 00:00:00',1,1,5.75,84082791,NULL),
(nextval('rdj_det_contrato_sec'),'2020-02-19 00:00:00',1,1,2.85,NULL,1005171),
(nextval('rdj_det_contrato_sec'),'2020-02-19 00:00:00',1,1,0,NULL,71735790),
(nextval('rdj_det_contrato_sec'),'2019-08-25 00:00:00',2,1,10.5,NULL,4736452),
(nextval('rdj_det_contrato_sec'),'2019-08-25 00:00:00',2,1,0,NULL,8050155),
(nextval('rdj_det_contrato_sec'),'2020-05-29 00:00:00',6,2,0,NULL,4180238),
(nextval('rdj_det_contrato_sec'),'2020-05-29 00:00:00',6,2,0,8016964,NULL),
(nextval('rdj_det_contrato_sec'),'2017-09-19 00:00:00',3,2,6.5,8000279,NULL),
(nextval('rdj_det_contrato_sec'),'2017-09-19 00:00:00',3,2,25,8000462,NULL),
(nextval('rdj_det_contrato_sec'),'2017-09-19 00:00:00',3,2,15,NULL,586629),
(nextval('rdj_det_contrato_sec'),'2020-03-14 00:00:00',5,1,9.5,NULL,41890920),
(nextval('rdj_det_contrato_sec'),'2020-03-14 00:00:00',5,1,9.5,8002731,NULL),
(nextval('rdj_det_contrato_sec'),'2020-03-14 00:00:00',5,1,9.5,NULL,21112378),
(nextval('rdj_det_contrato_sec'),'2020-07-14 00:00:00',5,1,0,NULL,66251),
(nextval('rdj_det_contrato_sec'),'2020-07-14 00:00:00',5,1,0,NULL,21112378),
(nextval('rdj_det_contrato_sec'),'2015-08-04 00:00:00',1,3,15,949495685,NULL),
(nextval('rdj_det_contrato_sec'),'2018-07-14 00:00:00',4,3,0,100516,NULL),
(nextval('rdj_det_contrato_sec'),'2018-07-14 00:00:00',4,3,0,NULL,89883),
(nextval('rdj_det_contrato_sec'),'2020-05-26 00:00:00',2,3,50,8002093,NULL),
(nextval('rdj_det_contrato_sec'),'2020-05-26 00:00:00',2,3,15,8024064,NULL),
(nextval('rdj_det_contrato_sec'),'2018-03-07 00:00:00',1,1,0,949495685,NULL);

INSERT INTO rdj_metodos_contratos (id,fecha_cont,id_proveedor,id_productor,id_pago,id_prov_pago,id_envio,id_prov_envio,id_pais_envio) VALUES
(nextval('rdj_metodo_contrato_sec'),'2020-02-19 00:00:00',1,1,1,1,NULL,NULL,NULL),
(nextval('rdj_metodo_contrato_sec'),'2020-02-19 00:00:00',1,1,2,1,NULL,NULL,NULL),
(nextval('rdj_metodo_contrato_sec'),'2020-02-19 00:00:00',1,1,NULL,NULL,5,1,7),
(nextval('rdj_metodo_contrato_sec'),'2020-02-19 00:00:00',1,1,NULL,NULL,1,1,2),
(nextval('rdj_metodo_contrato_sec'),'2019-08-25 00:00:00',2,1,4,2,NULL,NULL,NULL),
(nextval('rdj_metodo_contrato_sec'),'2019-08-25 00:00:00',2,1,5,2,NULL,NULL,NULL),
(nextval('rdj_metodo_contrato_sec'),'2019-08-25 00:00:00',2,1,NULL,NULL,8,2,8),
(nextval('rdj_metodo_contrato_sec'),'2020-05-29 00:00:00',6,2,16,6,NULL,NULL,NULL),
(nextval('rdj_metodo_contrato_sec'),'2020-05-29 00:00:00',6,2,NULL,NULL,28,6,5),
(nextval('rdj_metodo_contrato_sec'),'2017-09-19 00:00:00',3,2,7,3,NULL,NULL,NULL),
(nextval('rdj_metodo_contrato_sec'),'2017-09-19 00:00:00',3,2,8,3,NULL,NULL,NULL),
(nextval('rdj_metodo_contrato_sec'),'2017-09-19 00:00:00',3,2,NULL,NULL,11,3,5),
(nextval('rdj_metodo_contrato_sec'),'2020-03-14 00:00:00',5,1,14,5,NULL,NULL,NULL),
(nextval('rdj_metodo_contrato_sec'),'2020-03-14 00:00:00',5,1,NULL,NULL,23,5,7),
(nextval('rdj_metodo_contrato_sec'),'2020-07-14 00:00:00',5,1,14,5,NULL,NULL,NULL),
(nextval('rdj_metodo_contrato_sec'),'2020-07-14 00:00:00',5,1,15,5,NULL,NULL,NULL),
(nextval('rdj_metodo_contrato_sec'),'2020-07-14 00:00:00',5,1,NULL,NULL,23,5,7),
(nextval('rdj_metodo_contrato_sec'),'2015-08-04 00:00:00',1,3,1,1,NULL,NULL,NULL),
(nextval('rdj_metodo_contrato_sec'),'2015-08-04 00:00:00',1,3,NULL,NULL,2,1,3),
(nextval('rdj_metodo_contrato_sec'),'2015-08-04 00:00:00',1,3,NULL,NULL,3,1,3),
(nextval('rdj_metodo_contrato_sec'),'2018-07-14 00:00:00',4,3,11,4,NULL,NULL,NULL),
(nextval('rdj_metodo_contrato_sec'),'2018-07-14 00:00:00',4,3,NULL,NULL,18,4,6),
(nextval('rdj_metodo_contrato_sec'),'2020-05-26 00:00:00',2,3,4,2,NULL,NULL,NULL),
(nextval('rdj_metodo_contrato_sec'),'2020-05-26 00:00:00',2,3,6,2,NULL,NULL,NULL),
(nextval('rdj_metodo_contrato_sec'),'2020-05-26 00:00:00',2,3,NULL,NULL,9,2,4),
(nextval('rdj_metodo_contrato_sec'),'2018-03-07 00:00:00',1,1,2,1,NULL,NULL,NULL),
(nextval('rdj_metodo_contrato_sec'),'2018-03-07 00:00:00',1,1,NULL,NULL,5,1,7);

INSERT INTO rdj_pedidos VALUES
(nextval('rdj_pedido_sec'), '2019-09-27', 'e', 2, 1, '2019-09-28', 1, 8224.68, 7, '2019-08-25 00:00:00', 1, 2, 5, '2019-08-25 00:00:00', 1, 2),
(nextval('rdj_pedido_sec'), '2019-09-29', 'cprov', 2, 1, NULL, NULL, 487420.74, 7, '2019-08-25 00:00:00', 1, 2, 5, '2019-08-25 00:00:00', 1, 2),
(nextval('rdj_pedido_sec'), '2019-10-15', 'e', 2, 1, '2019-10-16', 2, 11651.80, 7, '2019-08-25 00:00:00', 1, 2, 6, '2019-08-25 00:00:00', 1, 2),
(nextval('rdj_pedido_sec'), '2019-10-16', 'e', 2, 1, '2019-10-17', 3, 3650.75, 7, '2019-08-25 00:00:00', 1, 2, 5, '2019-08-25 00:00:00', 1, 2),
(nextval('rdj_pedido_sec'), '2019-11-19', 'cprod', 2, 1, NULL, NULL, 112438.85, 7, '2019-08-25 00:00:00', 1, 2, 6, '2019-08-25 00:00:00', 1, 2),
(nextval('rdj_pedido_sec'), '2019-12-01', 'e', 2, 1, '2019-12-02', 4, 20345.75, 7, '2019-08-25 00:00:00', 1, 2, 6, '2019-08-25 00:00:00', 1, 2),
(nextval('rdj_pedido_sec'), '2019-12-05', 'e', 2, 1, '2019-12-07', 5, 46583.25, 7, '2019-08-25 00:00:00', 1, 2, 6, '2019-08-25 00:00:00', 1, 2),
(nextval('rdj_pedido_sec'), '2020-03-27', 'e', 1, 1, '2020-04-01', 6, 6524.69, 3, '2020-02-19 00:00:00', 1, 1, 2, '2020-02-19 00:00:00', 1, 1),
(nextval('rdj_pedido_sec'), '2020-07-27', 'cprov', 1, 1, NULL, NULL, 4114.79, 3, '2020-02-19 00:00:00', 1, 1, 2, '2020-02-19 00:00:00', 1, 1),
(nextval('rdj_pedido_sec'), '2020-07-28', 'e', 5, 1, '2020-07-29', 7, 2710.19, 17, '2020-07-14 00:00:00', 1, 5, 15, '2020-07-14 00:00:00', 1, 5),
(nextval('rdj_pedido_sec'), '2017-10-17', 'cprov', 3, 2, NULL, NULL, 7385.25, 12, '2017-09-19 00:00:00', 2, 3, 10, '2017-09-19 00:00:00', 2, 3),
(nextval('rdj_pedido_sec'), '2017-12-24', 'e', 3, 2, '2017-12-25', 8, 3289.90, 12, '2017-09-19 00:00:00', 2, 3, 10, '2017-09-19 00:00:00', 2, 3),
(nextval('rdj_pedido_sec'), '2020-06-21', 'cprov', 2, 3, NULL, NULL, 23349.25, 25, '2020-05-26 00:00:00', 3, 2, 24, '2020-05-26 00:00:00', 3, 2),
(nextval('rdj_pedido_sec'), '2015-08-05', 'e', 1, 3, '2015-08-06', 9, 142310.75, 20, '2015-08-04 00:00:00', 3, 1, 18, '2015-08-04 00:00:00', 3, 1),
(nextval('rdj_pedido_sec'), '2015-09-07', 'e', 1, 3, '2015-09-11', 9, 22120.75, 20, '2015-08-04 00:00:00', 3, 1, 18, '2015-08-04 00:00:00', 3, 1),
(nextval('rdj_pedido_sec'), '2015-09-11', 'cprov', 1, 3, NULL, NULL, 587132.75, 20, '2015-08-04 00:00:00', 3, 1, 18, '2015-08-04 00:00:00', 3, 1),
(nextval('rdj_pedido_sec'), '2015-09-27', 'e', 1, 3, '2015-09-29', 10, 71938.99, 19, '2015-08-04 00:00:00', 3, 1, 18, '2015-08-04 00:00:00', 3, 1),
(nextval('rdj_pedido_sec'), '2015-10-01', 'e', 1, 3, '2015-10-04', 11, 71386.75, 20, '2015-08-04 00:00:00', 3, 1, 18, '2015-08-04 00:00:00', 3, 1),
(nextval('rdj_pedido_sec'), '2015-10-02', 'e', 1, 3, '2015-10-05', 12, 50280.99, 19, '2015-08-04 00:00:00', 3, 1, 18, '2015-08-04 00:00:00', 3, 1),
(nextval('rdj_pedido_sec'), '2015-10-25', 'cprov', 1, 3, NULL, NULL, 1176020.99, 19, '2015-08-04 00:00:00', 3, 1, 18, '2015-08-04 00:00:00', 3, 1),
(nextval('rdj_pedido_sec'), '2018-07-21', 'cprov', 4, 3, NULL, NULL, 326491.15, 22, '2018-07-14 00:00:00', 3, 4, 21, '2018-07-14 00:00:00', 3, 4),
(nextval('rdj_pedido_sec'), '2018-07-25', 'cprov', 4, 3, NULL, NULL, 1370768.15, 22, '2018-07-14 00:00:00', 3, 4, 21, '2018-07-14 00:00:00', 3, 4),
(nextval('rdj_pedido_sec'), '2018-07-30', 'e', 4, 3, '2018-08-01', 13, 18355.15, 22, '2018-07-14 00:00:00', 3, 4, 21, '2018-07-14 00:00:00', 3, 4),
(nextval('rdj_pedido_sec'), '2020-06-27', 'e', 2, 3, '2020-06-28', 14, 13883.50, 25, '2020-05-26 00:00:00', 3, 2, 24, '2020-05-26 00:00:00', 3, 2);

INSERT INTO rdj_detalles_pedidos VALUES
(1, 1, 15, 270.00, 19, 8050155, NULL, NULL),
(2, 1, 10, 1070.00, 26, 8050155, NULL, NULL),
(3, 1, 25, 3775.00, 22, 8050155, NULL, NULL),
(4, 1, 11, 2608.93, 18, 4736452, NULL, NULL),
(5, 2, 15, 270.00, 19, 8050155, NULL, NULL),
(6, 2, 17, 441.24, 16, 4736452, NULL, NULL),
(7, 2, 2050, 486208.75, 18, 4736452, NULL, NULL),
(8, 3, 15, 1605.00, 26, 8050155, NULL, NULL),
(9, 3, 15, 660.00, 20, 8050155, NULL, NULL),
(10, 3, 15, 1260.00, 21, 8050155, NULL, NULL),
(11, 3, 15, 2265.00, 22, 8050155, NULL, NULL),
(12, 3, 20, 4743.50, 18, 4736452, NULL, NULL),
(13, 3, 30, 617.55, 17, 4736452, NULL, NULL),
(14, 4, 175, 3150.00, 19, 8050155, NULL, NULL),
(15, 5, 1000, 107000.00, 26, 8050155, NULL, NULL),
(16, 5, 15, 660.00, 20, 8050155, NULL, NULL),
(17, 5, 15, 3557.63, 18, 4736452, NULL, NULL),
(18, 5, 35, 720.48, 17, 4736452, NULL, NULL),
(19, 6, 115, 2070.00, 19, 8050155, NULL, NULL),
(20, 6, 105, 11235.00, 26, 8050155, NULL, NULL),
(21, 6, 120, 5280.00, 20, 8050155, NULL, NULL),
(22, 6, 15, 1260.00, 21, 8050155, NULL, NULL),
(23, 7, 15, 270.00, 19, 8050155, NULL, NULL),
(24, 7, 105, 11235.00, 26, 8050155, NULL, NULL),
(25, 7, 75, 3300.00, 20, 8050155, NULL, NULL),
(26, 7, 90, 7560.00, 21, 8050155, NULL, NULL),
(27, 7, 100, 23717.50, 18, 4736452, NULL, NULL),
(28, 8, 10, 414.70, NULL, NULL, 7, 84082791),
(29, 8, 5, 692.74, NULL, NULL, 8, 84082791),
(30, 8, 19, 5372.25, NULL, NULL, 9, 84082791),
(31, 9, 15, 2078.21, NULL, NULL, 8, 84082791),
(32, 9, 10, 1991.58, 4, 1005171, NULL, NULL),
(33, 10, 10, 480.00, 43, 66251, NULL, NULL),
(34, 10, 10, 870.00, 44, 66251, NULL, NULL),
(35, 10, 5, 1250.00, 51, 21112378, NULL, NULL),
(36, 11, 5, 841.50, NULL, NULL, 26, 8000279),
(37, 11, 5, 3132.25, NULL, NULL, 28, 8000279),
(38, 11, 10, 307.50, NULL, NULL, 19, 8000462),
(39, 11, 10, 615.00, NULL, NULL, 20, 8000462),
(40, 11, 10, 1230.00, NULL, NULL, 21, 8000462),
(41, 11, 7, 208.25, 30, 586629, NULL, NULL),
(42, 12, 15, 922.50, NULL, NULL, 20, 8000462),
(43, 12, 17, 505.75, 30, 586629, NULL, NULL),
(44, 12, 18, 810.90, 31, 586629, NULL, NULL),
(45, 13, 50, 10500.00, NULL, NULL, 34, 8002093),
(46, 13, 15, 446.25, NULL, NULL, 16, 8024064),
(47, 13, 45, 2677.50, NULL, NULL, 17, 8024064),
(48, 13, 75, 8925.00, NULL, NULL, 18, 8024064),
(49, 14, 15, 3570.00, NULL, NULL, 13, 949495685),
(50, 14, 40, 19040.00, NULL, NULL, 14, 949495685),
(51, 14, 100, 119000.00, NULL, NULL, 15, 949495685),
(52, 15, 15, 3570.00, NULL, NULL, 13, 949495685),
(53, 15, 15, 17850.00, NULL, NULL, 15, 949495685),
(54, 16, 57, 13566.00, NULL, NULL, 13, 949495685),
(55, 16, 56, 26656.00, NULL, NULL, 14, 949495685),
(56, 16, 459, 546210.00, NULL, NULL, 15, 949495685),
(57, 17, 15, 3570.00, NULL, NULL, 13, 949495685),
(58, 17, 3, 1428.00, NULL, NULL, 14, 949495685),
(59, 17, 56, 66640.00, NULL, NULL, 15, 949495685),
(60, 18, 15, 3570.00, NULL, NULL, 13, 949495685),
(61, 18, 1, 476.00, NULL, NULL, 14, 949495685),
(62, 18, 56, 66640.00, NULL, NULL, 15, 949495685),
(63, 19, 15, 3570.00, NULL, NULL, 13, 949495685),
(64, 19, 60, 28560.00, NULL, NULL, 14, 949495685),
(65, 19, 15, 17850.00, NULL, NULL, 15, 949495685),
(66, 20, 106, 25228.00, NULL, NULL, 13, 949495685),
(67, 20, 47, 22372.00, NULL, NULL, 14, 949495685),
(68, 20, 948, 1128120.00, NULL, NULL, 15, 949495685),
(69, 21, 15, 855.00, NULL, NULL, 38, 100516),
(70, 21, 100, 11000.00, NULL, NULL, 39, 100516),
(71, 21, 564, 161304.00, NULL, NULL, 40, 100516),
(72, 21, 152, 42712.00, 33, 89883, NULL, NULL),
(73, 21, 16, 7680.00, 34, 89883, NULL, NULL),
(74, 21, 95, 102600.00, 35, 89883, NULL, NULL),
(75, 22, 165, 9405.00, NULL, NULL, 38, 100516),
(76, 22, 16, 1760.00, NULL, NULL, 39, 100516),
(77, 22, 89, 25454.00, NULL, NULL, 40, 100516),
(78, 22, 4689, 1317609.00, 33, 89883, NULL, NULL),
(79, 22, 15, 16200.00, 35, 89883, NULL, NULL),
(80, 23, 15, 855.00, NULL, NULL, 38, 100516),
(81, 23, 156, 17160.00, NULL, NULL, 39, 100516),
(82, 24, 15, 1312.50, NULL, NULL, 33, 8002093),
(83, 24, 45, 9450.00, NULL, NULL, 34, 8002093),
(84, 24, 78, 2320.50, NULL, NULL, 16, 8024064);

INSERT INTO rdj_escalas VALUES
('2020-05-27', 2, 0, 500, NULL),
('2017-01-15', 3, 0, 10, '2018-05-25'),
('2018-05-25', 3, 0, 15, '2019-02-21'),
('2019-02-21', 3, 0, 25, '2019-10-21'),
('2019-10-21', 3, 0, 10, NULL),
('2020-01-21', 1, 0, 100, '2020-05-27'),
('2020-05-27', 1, 0, 25, '2020-05-30'),
('2020-5-30', 1, 0, 40, '2020-06-29'),
('2020-06-29', 1, 0, 100, NULL);

INSERT INTO rdj_hist_formulas (fecha_inicio,id_criterio,id_productor,peso,tipo,fecha_fin)VALUES
('2015-01-19', 4, 1, 100.00, 'a', NULL),
('2015-01-19', 5, 1, 15.00	, 'a', NULL),
('2015-04-21', 1, 1, 25.00	, 'i', NULL),
('2015-04-21', 2, 1, 25.00	, 'i', NULL),
('2015-04-21', 3, 1, 50.00	, 'i', NULL),
('2015-04-21', 5, 1, 40.00	, 'i', NULL),
('2014-01-15', 1, 2, 30.00	, 'i', NULL),
('2014-01-15', 2, 2, 30.00	, 'i', NULL),
('2014-01-15', 3, 2, 40.00	, 'i', NULL),
('2014-01-15', 5, 2, 65.00	, 'i', NULL),
('2012-11-19', 4, 2, 100.00, 'a', NULL),
('2012-11-19', 5, 2, 50.00	, 'a', NULL),
('2011-06-16', 4, 3, 100.00, 'a', NULL),
('2011-06-16', 5, 3, 75.00	, 'a', NULL),
('2015-07-28', 1, 3, 60.00	, 'i', NULL),
('2015-07-28', 2, 3, 20.00	, 'i', NULL),
('2015-07-28', 3, 3, 20.00	, 'i', NULL),
('2015-07-28', 5, 3, 50.00	, 'i', NULL);

INSERT INTO rdj_resultados (fecha,id_proveedor,id_productor,resultado,tipo) VALUES
('2020-02-19 00:00:00',1,1,75.45,'i'),
('2020-03-11 00:00:00',1,3,15.75,'i'),
('2019-08-25 00:00:00',2,1,92.50,'i'),
('2017-08-21 00:00:00',5,1,92.50,'a'),
('2019-01-25 00:00:00',6,1,92.50,'a'),
('2017-09-19 00:00:00',3,2,81.15,'i'),
('2020-03-14 00:00:00',5,1,90.45,'i'),
('2020-01-14 00:00:00',5,1,37.45,'i'),
('2020-07-14 00:00:00',5,2,66.95,'i'),
('2015-08-13 00:00:00',4,2,92.50,'a'),
('2016-01-14 00:00:00',3,2,92.50,'a'),
('2015-08-14 00:00:00',1,3,88.17,'i'),
('2018-02-15 00:00:00',3,2,0.75,'i'),
('2019-01-21 00:00:00',3,1,11.5,'i'),
('2019-10-19 00:00:00',1,3,92.50,'a'),
('2020-01-25 00:00:00',3,3,92.50,'a'),
('2018-07-14 00:00:00',4,3,91.4,'i'),
('2020-05-26 00:00:00',2,3,77.14,'i'),
('2018-03-07 00:00:00',1,1,67.45,'i');

INSERT INTO rdj_pagos (num_pago,num_pedido,fecha_pago,monto) VALUES
(nextval('rdj_pago_sec'),1,'2019-09-28',8224.68),
(nextval('rdj_pago_sec'),3,'2019-10-16',1165.18),
(nextval('rdj_pago_sec'),3,'2019-11-16',1165.18),
(nextval('rdj_pago_sec'),3,'2019-12-16',1165.18),
(nextval('rdj_pago_sec'),3,'2020-01-16',1165.18),
(nextval('rdj_pago_sec'),3,'2020-02-16',1165.18),
(nextval('rdj_pago_sec'),3,'2020-03-16',1165.18),
(nextval('rdj_pago_sec'),3,'2020-04-16',1165.18),
(nextval('rdj_pago_sec'),3,'2020-05-16',1165.18),
(nextval('rdj_pago_sec'),3,'2020-06-16',1165.18),
(nextval('rdj_pago_sec'),3,'2020-07-16',1165.18),
(nextval('rdj_pago_sec'),4,'2019-10-17',3650.75),
(nextval('rdj_pago_sec'),6,'2019-12-02',2034.58),
(nextval('rdj_pago_sec'),6,'2020-01-02',2034.58),
(nextval('rdj_pago_sec'),6,'2020-02-02',2034.58),
(nextval('rdj_pago_sec'),6,'2020-03-02',2034.58),
(nextval('rdj_pago_sec'),6,'2020-04-02',2034.58),
(nextval('rdj_pago_sec'),6,'2020-05-02',2034.58),
(nextval('rdj_pago_sec'),6,'2020-06-02',2034.58),
(nextval('rdj_pago_sec'),6,'2020-07-02',2034.58),
(nextval('rdj_pago_sec'),7,'2019-12-07',4658.33),
(nextval('rdj_pago_sec'),7,'2020-01-07',4658.33),
(nextval('rdj_pago_sec'),7,'2020-02-07',4658.33),
(nextval('rdj_pago_sec'),7,'2020-03-07',4658.33),
(nextval('rdj_pago_sec'),7,'2020-04-07',4658.33),
(nextval('rdj_pago_sec'),7,'2020-05-07',4658.33),
(nextval('rdj_pago_sec'),7,'2020-06-07',4658.33),
(nextval('rdj_pago_sec'),7,'2020-07-07',4658.33),
(nextval('rdj_pago_sec'),8,'2020-01-04',3262.35),
(nextval('rdj_pago_sec'),8,'2020-03-04',3262.35),
(nextval('rdj_pago_sec'),10,'2020-07-29',542.04),
(nextval('rdj_pago_sec'),12,'2017-12-25',1644.95),
(nextval('rdj_pago_sec'),12,'2017-12-25',1644.95),
(nextval('rdj_pago_sec'),14,'2015-08-06',142310.75),
(nextval('rdj_pago_sec'),15,'2015-09-11',22120.75),
(nextval('rdj_pago_sec'),17,'2015-09-29',71938.99),
(nextval('rdj_pago_sec'),18,'2015-10-04',71368.75),
(nextval('rdj_pago_sec'),19,'2015-10-05',50280.99),
(nextval('rdj_pago_sec'),23,'2018-08-01',9177.58),
(nextval('rdj_pago_sec'),23,'2018-09-01',9177.58),
(nextval('rdj_pago_sec'),24,'2020-06-28',1735.44);