INSERT INTO rdj_contratos (fecha_apertura,id_proveedor,id_productor,exclusivo,cancelacion,razon_cierre) VALUES
('2020-02-19 00:00:00',1,1,'t','f',NULL),
('2019-08-25 00:00:00',2,1,'f','f',NULL),
('2020-05-29 00:00:00',6,2,'f','t','Poco cumplimiento de pedidos durante los primeros meses.'),
('2017-09-19 00:00:00',3,2,'f','f',NULL),
('2020-03-14 00:00:00',5,1,'f','t','La calidad de los productos recibidos es muy baja.'),
('2020-07-14 00:00:00',5,1,'f','f',NULL),
('2015-08-04 00:00:00',1,3,'f','f',NULL),
('2018-07-14 00:00:00',4,3,'f','f',NULL),
('2020-05-26 00:00:00',2,3,'f','f',NULL),
('2018-03-07 00:00:00',1,1,'f','f',NULL);

INSERT INTO rdj_renovaciones (id,fecha_apertura,id_proveedor,id_productor,fecha_renovacion) VALUES
(nextval('rdj_renovacion_sec'),'2017-09-19 00:00:00',3,2,'2018-09-19 00:00:00'),
(nextval('rdj_renovacion_sec'),'2017-09-19 00:00:00',3,2,'2019-09-19 00:00:00'),
(nextval('rdj_renovacion_sec'),'2015-08-04 00:00:00',1,3,'2016-08-04 00:00:00'),
(nextval('rdj_renovacion_sec'),'2015-08-04 00:00:00',1,3,'2017-08-04 00:00:00'),
(nextval('rdj_renovacion_sec'),'2015-08-04 00:00:00',1,3,'2018-08-04 00:00:00'),
(nextval('rdj_renovacion_sec'),'2015-08-04 00:00:00',1,3,'2019-08-04 00:00:00'),
(nextval('rdj_renovacion_sec'),'2018-07-14 00:00:00',4,3,'2019-07-14 00:00:00'),
(nextval('rdj_renovacion_sec'),'2018-07-14 00:00:00',4,3,'2020-07-14 00:00:00'),
(nextval('rdj_renovacion_sec'),'2018-03-07 00:00:00',1,1,'2019-03-07 00:00:00');

INSERT INTO rdj_detalles_contratos (id,fecha_apertura,id_proveedor,id_productor,descuento,cas_otro_ing,cas_ing_esencia) VALUES
(nextval('rdj_det_contrato_sec'),'2020-02-19 00:00:00',1,1,5.75,84082791,NULL),
(nextval('rdj_det_contrato_sec'),'2020-02-19 00:00:00',1,1,2.85,NULL,1005171),
(nextval('rdj_det_contrato_sec'),'2020-02-19 00:00:00',1,1,0,NULL,71735790),
(nextval('rdj_det_contrato_sec'),'2019-08-25 00:00:00',2,1,10.5,NULL,4736452),
(nextval('rdj_det_contrato_sec'),'2019-08-25 00:00:00',2,1,0,NULL,8050155),
(nextval('rdj_det_contrato_sec'),'2020-05-29 00:00:00',6,2,0,NULL,4180238),
(nextval('rdj_det_contrato_sec'),'2020-05-29 00:00:00',6,2,0,8016964,NULL),
(nextval('rdj_det_contrato_sec'),'2017-09-19 00:00:00',3,2,6.5,8000279,NULL),
(nextval('rdj_det_contrato_sec'),'2017-09-19 00:00:00',3,2,25,8000462,NULL),
(nextval('rdj_det_contrato_sec'),'2017-09-19 00:00:00',3,2,15,NULL,586629),
(nextval('rdj_det_contrato_sec'),'2020-03-14 00:00:00',5,1,9.5,NULL,41890920),
(nextval('rdj_det_contrato_sec'),'2020-03-14 00:00:00',5,1,9.5,8002731,NULL),
(nextval('rdj_det_contrato_sec'),'2020-03-14 00:00:00',5,1,9.5,NULL,21112378),
(nextval('rdj_det_contrato_sec'),'2020-07-14 00:00:00',5,1,0,NULL,66251),
(nextval('rdj_det_contrato_sec'),'2020-07-14 00:00:00',5,1,0,NULL,21112378),
(nextval('rdj_det_contrato_sec'),'2015-08-04 00:00:00',1,3,15,949495685,NULL),
(nextval('rdj_det_contrato_sec'),'2018-07-14 00:00:00',4,3,0,100516,NULL),
(nextval('rdj_det_contrato_sec'),'2018-07-14 00:00:00',4,3,0,NULL,89883),
(nextval('rdj_det_contrato_sec'),'2020-05-26 00:00:00',2,3,50,8002093,NULL),
(nextval('rdj_det_contrato_sec'),'2020-05-26 00:00:00',2,3,15,8024064,NULL),
(nextval('rdj_det_contrato_sec'),'2018-03-07 00:00:00',1,1,0,949495685,NULL);

INSERT INTO rdj_metodos_contratos (id,fecha_cont,id_proveedor,id_productor,id_pago,id_prov_pago,id_envio,id_prov_envio,id_pais_envio) VALUES
(nextval('rdj_metodo_contrato_sec'),'2020-02-19 00:00:00',1,1,1,1,NULL,NULL,NULL),
(nextval('rdj_metodo_contrato_sec'),'2020-02-19 00:00:00',1,1,2,1,NULL,NULL,NULL),
(nextval('rdj_metodo_contrato_sec'),'2020-02-19 00:00:00',1,1,NULL,NULL,5,1,7),
(nextval('rdj_metodo_contrato_sec'),'2020-02-19 00:00:00',1,1,NULL,NULL,1,1,2),
(nextval('rdj_metodo_contrato_sec'),'2019-08-25 00:00:00',2,1,4,2,NULL,NULL,NULL),
(nextval('rdj_metodo_contrato_sec'),'2019-08-25 00:00:00',2,1,5,2,NULL,NULL,NULL),
(nextval('rdj_metodo_contrato_sec'),'2019-08-25 00:00:00',2,1,NULL,NULL,8,2,8),
(nextval('rdj_metodo_contrato_sec'),'2020-05-29 00:00:00',6,2,16,6,NULL,NULL,NULL),
(nextval('rdj_metodo_contrato_sec'),'2020-05-29 00:00:00',6,2,NULL,NULL,28,6,5),
(nextval('rdj_metodo_contrato_sec'),'2017-09-19 00:00:00',3,2,7,3,NULL,NULL,NULL),
(nextval('rdj_metodo_contrato_sec'),'2017-09-19 00:00:00',3,2,8,3,NULL,NULL,NULL),
(nextval('rdj_metodo_contrato_sec'),'2017-09-19 00:00:00',3,2,NULL,NULL,11,3,5),
(nextval('rdj_metodo_contrato_sec'),'2020-03-14 00:00:00',5,1,14,5,NULL,NULL,NULL),
(nextval('rdj_metodo_contrato_sec'),'2020-03-14 00:00:00',5,1,NULL,NULL,23,5,7),
(nextval('rdj_metodo_contrato_sec'),'2020-07-14 00:00:00',5,1,14,5,NULL,NULL,NULL),
(nextval('rdj_metodo_contrato_sec'),'2020-07-14 00:00:00',5,1,15,5,NULL,NULL,NULL),
(nextval('rdj_metodo_contrato_sec'),'2020-07-14 00:00:00',5,1,NULL,NULL,23,5,7),
(nextval('rdj_metodo_contrato_sec'),'2015-08-04 00:00:00',1,3,1,1,NULL,NULL,NULL),
(nextval('rdj_metodo_contrato_sec'),'2015-08-04 00:00:00',1,3,NULL,NULL,2,1,3),
(nextval('rdj_metodo_contrato_sec'),'2015-08-04 00:00:00',1,3,NULL,NULL,3,1,3),
(nextval('rdj_metodo_contrato_sec'),'2018-07-14 00:00:00',4,3,11,4,NULL,NULL,NULL),
(nextval('rdj_metodo_contrato_sec'),'2018-07-14 00:00:00',4,3,NULL,NULL,18,4,6),
(nextval('rdj_metodo_contrato_sec'),'2020-05-26 00:00:00',2,3,4,2,NULL,NULL,NULL),
(nextval('rdj_metodo_contrato_sec'),'2020-05-26 00:00:00',2,3,6,2,NULL,NULL,NULL),
(nextval('rdj_metodo_contrato_sec'),'2020-05-26 00:00:00',2,3,NULL,NULL,9,2,4),
(nextval('rdj_metodo_contrato_sec'),'2018-03-07 00:00:00',1,1,2,1,NULL,NULL,NULL),
(nextval('rdj_metodo_contrato_sec'),'2018-03-07 00:00:00',1,1,NULL,NULL,5,1,7);

INSERT INTO rdj_pedidos VALUES
(nextval('rdj_pedido_sec'), '2019-09-27', 'e', 2, 1, '2019-09-28', 1, 8224.68, 7, '2019-08-25 00:00:00', 1, 2, 5, '2019-08-25 00:00:00', 1, 2),
(nextval('rdj_pedido_sec'), '2019-09-29', 'cprov', 2, 1, NULL, NULL, 487420.74, 7, '2019-08-25 00:00:00', 1, 2, 5, '2019-08-25 00:00:00', 1, 2),
(nextval('rdj_pedido_sec'), '2019-10-15', 'e', 2, 1, '2019-10-16', 2, 11651.80, 7, '2019-08-25 00:00:00', 1, 2, 6, '2019-08-25 00:00:00', 1, 2),
(nextval('rdj_pedido_sec'), '2019-10-16', 'e', 2, 1, '2019-10-17', 3, 3650.75, 7, '2019-08-25 00:00:00', 1, 2, 5, '2019-08-25 00:00:00', 1, 2),
(nextval('rdj_pedido_sec'), '2019-11-19', 'cprod', 2, 1, NULL, NULL, 112438.85, 7, '2019-08-25 00:00:00', 1, 2, 6, '2019-08-25 00:00:00', 1, 2),
(nextval('rdj_pedido_sec'), '2019-12-01', 'e', 2, 1, '2019-12-02', 4, 20345.75, 7, '2019-08-25 00:00:00', 1, 2, 6, '2019-08-25 00:00:00', 1, 2),
(nextval('rdj_pedido_sec'), '2019-12-05', 'e', 2, 1, '2019-12-07', 5, 46583.25, 7, '2019-08-25 00:00:00', 1, 2, 6, '2019-08-25 00:00:00', 1, 2),
(nextval('rdj_pedido_sec'), '2020-03-27', 'e', 1, 1, '2020-04-01', 6, 6524.69, 3, '2020-02-19 00:00:00', 1, 1, 2, '2020-02-19 00:00:00', 1, 1),
(nextval('rdj_pedido_sec'), '2020-07-27', 'cprov', 1, 1, NULL, NULL, 4114.79, 3, '2020-02-19 00:00:00', 1, 1, 2, '2020-02-19 00:00:00', 1, 1),
(nextval('rdj_pedido_sec'), '2020-07-28', 'e', 5, 1, '2020-07-29', 7, 2710.19, 17, '2020-07-14 00:00:00', 1, 5, 15, '2020-07-14 00:00:00', 1, 5),
(nextval('rdj_pedido_sec'), '2017-10-17', 'cprov', 3, 2, NULL, NULL, 7385.25, 12, '2017-09-19 00:00:00', 2, 3, 10, '2017-09-19 00:00:00', 2, 3),
(nextval('rdj_pedido_sec'), '2017-12-24', 'e', 3, 2, '2017-12-25', 8, 3289.90, 12, '2017-09-19 00:00:00', 2, 3, 10, '2017-09-19 00:00:00', 2, 3),
(nextval('rdj_pedido_sec'), '2020-06-21', 'cprov', 2, 3, NULL, NULL, 23349.25, 25, '2020-05-26 00:00:00', 3, 2, 24, '2020-05-26 00:00:00', 3, 2),
(nextval('rdj_pedido_sec'), '2015-08-05', 'e', 1, 3, '2015-08-06', 9, 142310.75, 20, '2015-08-04 00:00:00', 3, 1, 18, '2015-08-04 00:00:00', 3, 1),
(nextval('rdj_pedido_sec'), '2015-09-07', 'e', 1, 3, '2015-09-11', 9, 22120.75, 20, '2015-08-04 00:00:00', 3, 1, 18, '2015-08-04 00:00:00', 3, 1),
(nextval('rdj_pedido_sec'), '2015-09-11', 'cprov', 1, 3, NULL, NULL, 587132.75, 20, '2015-08-04 00:00:00', 3, 1, 18, '2015-08-04 00:00:00', 3, 1),
(nextval('rdj_pedido_sec'), '2015-09-27', 'e', 1, 3, '2015-09-29', 10, 71938.99, 19, '2015-08-04 00:00:00', 3, 1, 18, '2015-08-04 00:00:00', 3, 1),
(nextval('rdj_pedido_sec'), '2015-10-01', 'e', 1, 3, '2015-10-04', 11, 71386.75, 20, '2015-08-04 00:00:00', 3, 1, 18, '2015-08-04 00:00:00', 3, 1),
(nextval('rdj_pedido_sec'), '2015-10-02', 'e', 1, 3, '2015-10-05', 12, 50280.99, 19, '2015-08-04 00:00:00', 3, 1, 18, '2015-08-04 00:00:00', 3, 1),
(nextval('rdj_pedido_sec'), '2015-10-25', 'cprov', 1, 3, NULL, NULL, 1176020.99, 19, '2015-08-04 00:00:00', 3, 1, 18, '2015-08-04 00:00:00', 3, 1),
(nextval('rdj_pedido_sec'), '2018-07-21', 'cprov', 4, 3, NULL, NULL, 326491.15, 22, '2018-07-14 00:00:00', 3, 4, 21, '2018-07-14 00:00:00', 3, 4),
(nextval('rdj_pedido_sec'), '2018-07-25', 'cprov', 4, 3, NULL, NULL, 1370768.15, 22, '2018-07-14 00:00:00', 3, 4, 21, '2018-07-14 00:00:00', 3, 4),
(nextval('rdj_pedido_sec'), '2018-07-30', 'e', 4, 3, '2018-08-01', 13, 18355.15, 22, '2018-07-14 00:00:00', 3, 4, 21, '2018-07-14 00:00:00', 3, 4),
(nextval('rdj_pedido_sec'), '2020-06-27', 'e', 2, 3, '2020-06-28', 14, 13883.50, 25, '2020-05-26 00:00:00', 3, 2, 24, '2020-05-26 00:00:00', 3, 2);

INSERT INTO rdj_detalles_pedidos VALUES
(1, 1, 15, 270.00, 19, 8050155, NULL, NULL),
(2, 1, 10, 1070.00, 26, 8050155, NULL, NULL),
(3, 1, 25, 3775.00, 22, 8050155, NULL, NULL),
(4, 1, 11, 2608.93, 18, 4736452, NULL, NULL),
(5, 2, 15, 270.00, 19, 8050155, NULL, NULL),
(6, 2, 17, 441.24, 16, 4736452, NULL, NULL),
(7, 2, 2050, 486208.75, 18, 4736452, NULL, NULL),
(8, 3, 15, 1605.00, 26, 8050155, NULL, NULL),
(9, 3, 15, 660.00, 20, 8050155, NULL, NULL),
(10, 3, 15, 1260.00, 21, 8050155, NULL, NULL),
(11, 3, 15, 2265.00, 22, 8050155, NULL, NULL),
(12, 3, 20, 4743.50, 18, 4736452, NULL, NULL),
(13, 3, 30, 617.55, 17, 4736452, NULL, NULL),
(14, 4, 175, 3150.00, 19, 8050155, NULL, NULL),
(15, 5, 1000, 107000.00, 26, 8050155, NULL, NULL),
(16, 5, 15, 660.00, 20, 8050155, NULL, NULL),
(17, 5, 15, 3557.63, 18, 4736452, NULL, NULL),
(18, 5, 35, 720.48, 17, 4736452, NULL, NULL),
(19, 6, 115, 2070.00, 19, 8050155, NULL, NULL),
(20, 6, 105, 11235.00, 26, 8050155, NULL, NULL),
(21, 6, 120, 5280.00, 20, 8050155, NULL, NULL),
(22, 6, 15, 1260.00, 21, 8050155, NULL, NULL),
(23, 7, 15, 270.00, 19, 8050155, NULL, NULL),
(24, 7, 105, 11235.00, 26, 8050155, NULL, NULL),
(25, 7, 75, 3300.00, 20, 8050155, NULL, NULL),
(26, 7, 90, 7560.00, 21, 8050155, NULL, NULL),
(27, 7, 100, 23717.50, 18, 4736452, NULL, NULL),
(28, 8, 10, 414.70, NULL, NULL, 7, 84082791),
(29, 8, 5, 692.74, NULL, NULL, 8, 84082791),
(30, 8, 19, 5372.25, NULL, NULL, 9, 84082791),
(31, 9, 15, 2078.21, NULL, NULL, 8, 84082791),
(32, 9, 10, 1991.58, 4, 1005171, NULL, NULL),
(33, 10, 10, 480.00, 43, 66251, NULL, NULL),
(34, 10, 10, 870.00, 44, 66251, NULL, NULL),
(35, 10, 5, 1250.00, 51, 21112378, NULL, NULL),
(36, 11, 5, 841.50, NULL, NULL, 26, 8000279),
(37, 11, 5, 3132.25, NULL, NULL, 28, 8000279),
(38, 11, 10, 307.50, NULL, NULL, 19, 8000462),
(39, 11, 10, 615.00, NULL, NULL, 20, 8000462),
(40, 11, 10, 1230.00, NULL, NULL, 21, 8000462),
(41, 11, 7, 208.25, 30, 586629, NULL, NULL),
(42, 12, 15, 922.50, NULL, NULL, 20, 8000462),
(43, 12, 17, 505.75, 30, 586629, NULL, NULL),
(44, 12, 18, 810.90, 31, 586629, NULL, NULL),
(45, 13, 50, 10500.00, NULL, NULL, 34, 8002093),
(46, 13, 15, 446.25, NULL, NULL, 16, 8024064),
(47, 13, 45, 2677.50, NULL, NULL, 17, 8024064),
(48, 13, 75, 8925.00, NULL, NULL, 18, 8024064),
(49, 14, 15, 3570.00, NULL, NULL, 13, 949495685),
(50, 14, 40, 19040.00, NULL, NULL, 14, 949495685),
(51, 14, 100, 119000.00, NULL, NULL, 15, 949495685),
(52, 15, 15, 3570.00, NULL, NULL, 13, 949495685),
(53, 15, 15, 17850.00, NULL, NULL, 15, 949495685),
(54, 16, 57, 13566.00, NULL, NULL, 13, 949495685),
(55, 16, 56, 26656.00, NULL, NULL, 14, 949495685),
(56, 16, 459, 546210.00, NULL, NULL, 15, 949495685),
(57, 17, 15, 3570.00, NULL, NULL, 13, 949495685),
(58, 17, 3, 1428.00, NULL, NULL, 14, 949495685),
(59, 17, 56, 66640.00, NULL, NULL, 15, 949495685),
(60, 18, 15, 3570.00, NULL, NULL, 13, 949495685),
(61, 18, 1, 476.00, NULL, NULL, 14, 949495685),
(62, 18, 56, 66640.00, NULL, NULL, 15, 949495685),
(63, 19, 15, 3570.00, NULL, NULL, 13, 949495685),
(64, 19, 60, 28560.00, NULL, NULL, 14, 949495685),
(65, 19, 15, 17850.00, NULL, NULL, 15, 949495685),
(66, 20, 106, 25228.00, NULL, NULL, 13, 949495685),
(67, 20, 47, 22372.00, NULL, NULL, 14, 949495685),
(68, 20, 948, 1128120.00, NULL, NULL, 15, 949495685),
(69, 21, 15, 855.00, NULL, NULL, 38, 100516),
(70, 21, 100, 11000.00, NULL, NULL, 39, 100516),
(71, 21, 564, 161304.00, NULL, NULL, 40, 100516),
(72, 21, 152, 42712.00, 33, 89883, NULL, NULL),
(73, 21, 16, 7680.00, 34, 89883, NULL, NULL),
(74, 21, 95, 102600.00, 35, 89883, NULL, NULL),
(75, 22, 165, 9405.00, NULL, NULL, 38, 100516),
(76, 22, 16, 1760.00, NULL, NULL, 39, 100516),
(77, 22, 89, 25454.00, NULL, NULL, 40, 100516),
(78, 22, 4689, 1317609.00, 33, 89883, NULL, NULL),
(79, 22, 15, 16200.00, 35, 89883, NULL, NULL),
(80, 23, 15, 855.00, NULL, NULL, 38, 100516),
(81, 23, 156, 17160.00, NULL, NULL, 39, 100516),
(82, 24, 15, 1312.50, NULL, NULL, 33, 8002093),
(83, 24, 45, 9450.00, NULL, NULL, 34, 8002093),
(84, 24, 78, 2320.50, NULL, NULL, 16, 8024064);

INSERT INTO rdj_escalas VALUES
('2020-05-27', 2, 0, 500, NULL),
('2017-01-15', 3, 0, 10, '2018-05-25'),
('2018-05-25', 3, 0, 15, '2019-02-21'),
('2019-02-21', 3, 0, 25, '2019-10-21'),
('2019-10-21', 3, 0, 10, NULL),
('2020-01-21', 1, 0, 100, '2020-05-27'),
('2020-05-27', 1, 0, 25, '2020-05-30'),
('2020-5-30', 1, 0, 40, '2020-06-29'),
('2020-06-29', 1, 0, 100, NULL);

INSERT INTO rdj_hist_formulas (fecha_inicio,id_criterio,id_productor,peso,tipo,fecha_fin)VALUES
('2015-01-19', 4, 1, 100.00, 'a', NULL),
('2015-01-19', 5, 1, 15.00	, 'a', NULL),
('2015-04-21', 1, 1, 25.00	, 'i', NULL),
('2015-04-21', 2, 1, 25.00	, 'i', NULL),
('2015-04-21', 3, 1, 50.00	, 'i', NULL),
('2015-04-21', 5, 1, 40.00	, 'i', NULL),
('2014-01-15', 1, 2, 30.00	, 'i', NULL),
('2014-01-15', 2, 2, 30.00	, 'i', NULL),
('2014-01-15', 3, 2, 40.00	, 'i', NULL),
('2014-01-15', 5, 2, 65.00	, 'i', NULL),
('2012-11-19', 4, 2, 100.00, 'a', NULL),
('2012-11-19', 5, 2, 50.00	, 'a', NULL),
('2011-06-16', 4, 3, 100.00, 'a', NULL),
('2011-06-16', 5, 3, 75.00	, 'a', NULL),
('2015-07-28', 1, 3, 60.00	, 'i', NULL),
('2015-07-28', 2, 3, 20.00	, 'i', NULL),
('2015-07-28', 3, 3, 20.00	, 'i', NULL),
('2015-07-28', 5, 3, 50.00	, 'i', NULL);

INSERT INTO rdj_resultados (fecha,id_proveedor,id_productor,resultado,tipo) VALUES
('2020-02-19 00:00:00',1,1,75.45,'i'),
('2020-03-11 00:00:00',1,3,15.75,'i'),
('2019-08-25 00:00:00',2,1,92.50,'i'),
('2017-08-21 00:00:00',5,1,92.50,'a'),
('2019-01-25 00:00:00',6,1,92.50,'a'),
('2017-09-19 00:00:00',3,2,81.15,'i'),
('2020-03-14 00:00:00',5,1,90.45,'i'),
('2020-01-14 00:00:00',5,1,37.45,'i'),
('2020-07-14 00:00:00',5,2,66.95,'i'),
('2015-08-13 00:00:00',4,2,92.50,'a'),
('2016-01-14 00:00:00',3,2,92.50,'a'),
('2015-08-14 00:00:00',1,3,88.17,'i'),
('2018-02-15 00:00:00',3,2,0.75,'i'),
('2019-01-21 00:00:00',3,1,11.5,'i'),
('2019-10-19 00:00:00',1,3,92.50,'a'),
('2020-01-25 00:00:00',3,3,92.50,'a'),
('2018-07-14 00:00:00',4,3,91.4,'i'),
('2020-05-26 00:00:00',2,3,77.14,'i'),
('2018-03-07 00:00:00',1,1,67.45,'i');

INSERT INTO rdj_pagos (num_pago,num_pedido,fecha_pago,monto) VALUES
(nextval('rdj_pago_sec'),1,'2019-09-28',8224.68),
(nextval('rdj_pago_sec'),3,'2019-10-16',1165.18),
(nextval('rdj_pago_sec'),3,'2019-11-16',1165.18),
(nextval('rdj_pago_sec'),3,'2019-12-16',1165.18),
(nextval('rdj_pago_sec'),3,'2020-01-16',1165.18),
(nextval('rdj_pago_sec'),3,'2020-02-16',1165.18),
(nextval('rdj_pago_sec'),3,'2020-03-16',1165.18),
(nextval('rdj_pago_sec'),3,'2020-04-16',1165.18),
(nextval('rdj_pago_sec'),3,'2020-05-16',1165.18),
(nextval('rdj_pago_sec'),3,'2020-06-16',1165.18),
(nextval('rdj_pago_sec'),3,'2020-07-16',1165.18),
(nextval('rdj_pago_sec'),4,'2019-10-17',3650.75),
(nextval('rdj_pago_sec'),6,'2019-12-02',2034.58),
(nextval('rdj_pago_sec'),6,'2020-01-02',2034.58),
(nextval('rdj_pago_sec'),6,'2020-02-02',2034.58),
(nextval('rdj_pago_sec'),6,'2020-03-02',2034.58),
(nextval('rdj_pago_sec'),6,'2020-04-02',2034.58),
(nextval('rdj_pago_sec'),6,'2020-05-02',2034.58),
(nextval('rdj_pago_sec'),6,'2020-06-02',2034.58),
(nextval('rdj_pago_sec'),6,'2020-07-02',2034.58),
(nextval('rdj_pago_sec'),7,'2019-12-07',2034.58),
(nextval('rdj_pago_sec'),7,'2020-01-07',2034.58),
(nextval('rdj_pago_sec'),7,'2020-02-07',2034.58),
(nextval('rdj_pago_sec'),7,'2020-03-07',2034.58),
(nextval('rdj_pago_sec'),7,'2020-04-07',2034.58),
(nextval('rdj_pago_sec'),7,'2020-05-07',2034.58),
(nextval('rdj_pago_sec'),7,'2020-06-07',2034.58),
(nextval('rdj_pago_sec'),7,'2020-07-07',2034.58),
(nextval('rdj_pago_sec'),8,'2020-01-04',3626.35),
(nextval('rdj_pago_sec'),8,'2020-03-04',3626.35),
(nextval('rdj_pago_sec'),10,'2020-07-29',542.09),
(nextval('rdj_pago_sec'),12,'2017-12-25',3289.90),
(nextval('rdj_pago_sec'),12,'2017-12-25',3289.90),
(nextval('rdj_pago_sec'),14,'2015-08-06',142310.75),
(nextval('rdj_pago_sec'),15,'2015-09-11',22120.75),
(nextval('rdj_pago_sec'),17,'2015-09-29',71938.99),
(nextval('rdj_pago_sec'),18,'2015-10-04',71368.75),
(nextval('rdj_pago_sec'),19,'2015-10-05',50280.99),
(nextval('rdj_pago_sec'),23,'2018-08-01',9177.58),
(nextval('rdj_pago_sec'),23,'2018-09-01',9177.58),
(nextval('rdj_pago_sec'),24,'2020-06-28',1735.48);